ФИО	Дата рождения	EMail   Телефон
Цветкова Наталья Николаевна	05/16/2016 00:00:00	zbkzr@dvenq.cds	q4695160942
Соколова Марина Юрьевна	04/06/1982 00:00:00	qznfnghkzn.hlf	1828104217
Негрозова Ольга Ивановна	09/05/2016 00:00:00	kwtwv@xxayn.gao	6165500933
Петухова Людмила Игнатьевна	09/07/2005 00:00:00	vcywd@eaacc.rnh	8966358271
Шитова Ксения Сергеевна	07/24/1984 00:00:00	jrvos@npjba.oyu	8078951981
Лазарева Татьяна Юрьевна	08/23/2011 00:00:00	vwpyk@skobb.zpe	3634476478
Леонова Любовь Евгеньевна	12/16/1986 00:00:00	etpor@ytqfm.pzs	0526644872
Васильев Сергей Геннадьевич	01/13/2000 00:00:00	wmfpa@qfhqc.zkf	7176347153
Казакова Вера Яковлевна	07/20/2004 00:00:00	ygxhb@yagak.mtc	4379919876
Уваров Федор Антонович	09/11/1983 00:00:00	jlmyw@emadh.dhj	1313689070
Демиденко Антон Сергеевич	09/25/1985 00:00:00	cfhpl@uyqlf.onv	6910533492
Кривых Татьяна Владимировна	09/25/2006 00:00:00	ypqvw@jaurr.jjs	5602266086
Нестерова Екатерина Игоревна	06/03/1995 00:00:00	noimv@kqjpe.aiz	7902448842
Парфёнова Ирина Юрьевна	12/05/2003 00:00:00	hplnd@evgdd.zch	5813037272
Никитин Александр Евгеньевич	05/19/2016 00:00:00	qggdj@gqztb.ibw	3841798206
Мчедлишвили Инна Викторовна	05/01/2001 00:00:00	rnjgb@uorao.jvg	8049412094
Ядров Юрий Владимирович	05/24/1985 00:00:00	avmoc@zhvzp.oop	9961132455
Черепанов Эдуард Ильич	05/24/2006 00:00:00	ppejy@kbtqs.bjl	5246773263
Батищев Сергей Иванович	11/19/1981 00:00:00	klzwz@brszm.hxz	9634989856
Ивановна Елена Александровна	05/31/2017 00:00:00	obysr@ntdhx.gty	9507900816
Колыванова Елена Михайловна	09/12/1996 00:00:00	gobki@ljtmw.ulv	0391239971
Слободчикова Надежда Андреевна	01/26/1989 00:00:00	sjwvd@zwmtl.kre	6147917915
Филякова Наталья Леонидовна	02/03/2004 00:00:00	sajzv@vndsn.jja	4627630943
Шестаков Александр Николаевич	08/04/2016 00:00:00	ejbvq@buygp.wev	7006226172
Федюшкина Анастасия Владимировна	10/05/1999 00:00:00	bycrk@eobnh.qeq	7080851712
Обухов Павел Анатольевич	08/13/1987 00:00:00	ultps@vssfk.baw	5347753816
Войцеховский Владимир Валерьевич	03/12/2000 00:00:00	kgpig@uprnx.rhg	6582854757
Клейменова Галина Петровна	04/24/1989 00:00:00	eirmu@lgvkq.vjj	1549675112
Герасименко Владимир Иванович	05/20/1990 00:00:00	etfwh@nitvv.mlz	5372202632
Пушкин Денис Александрович	01/05/1995 00:00:00	essjq@ubaqz.cnt	5593180586
Колмыкова Диана  Геннадьевна	07/15/2017 00:00:00	nxpvn@hbyot.mae	5169788480
Галактионова Ольга Александровна	12/05/1999 00:00:00	pfrht@dukth.afl	0957505725
Сухов Василий Гаврилович	01/04/1991 00:00:00	jkdky@ftbfq.vap	8938737713
Масалков Сергей Васильевич	06/01/1996 00:00:00	srzgb@fkjii.shx	6781028569
Ядыкина Юлия Владимировна	03/21/1988 00:00:00	isthg@tjoug.akt	9968825795
Торникова Татьяна Гранитовна	10/22/1983 00:00:00	brczf@sniuc.rqo	2916979081
Белая Людмила Николаевна	11/05/2010 00:00:00	zwejj@zichl.dsp	1718282303
Морозова Людмила Николаевна	01/02/1990 00:00:00	ljxrr@oyame.mcc	0313493245
Лучко Наталья Васильевна	03/17/2013 00:00:00	iavux@qeqwx.otz	4365346510
Пикалова Тамара Андреевна	02/05/1986 00:00:00	rdncn@uiscb.upq	8703356252
Заровчатская Валентина Васильевна	10/26/1982 00:00:00	jsavk@autbf.yeq	4568514628
Субботин Илья Валерьевич	06/17/1996 00:00:00	rvvhb@iznvd.wdj	5996227466
Федорова Галина Михайловна	07/13/1990 00:00:00	cquss@cabpe.wjz	6774061072
Ульков Виктор Владимирович	06/04/1984 00:00:00	edvpm@fkmlz.esr	2624802951
Платыгин Юрий Владимирович	07/31/2007 00:00:00	ziyov@qsopi.jpp	8458164388
Водинов Валентин Владимирович	12/05/1998 00:00:00	blvvg@hznhr.zwh	5658745326
Водогрецкая Елена Викторовна	04/16/2004 00:00:00	ajyhg@chcue.lxd	0842680950
Волков Константин Владимирович	10/16/2014 00:00:00	ezepv@ryfmu.tvm	3074952686
Володин Анатолий Иосифович	02/07/1985 00:00:00	noahd@zpftl.iuh	0444899131
Волоха Олег Анатольевич	11/03/2001 00:00:00	jdgwk@cjkii.ira	8382950315
Воронин Владимир Петрович	09/06/2011 00:00:00	tsxne@jtxne.jre	9020309493
Воронов Владимир Иванович	03/02/1996 00:00:00	lraar@aojvf.pme	4510648461
Вяжевич Наталья Васильевна	06/04/1999 00:00:00	fxesm@pjdcv.ilv	1308985454
Вялов Валерий Николаевич	02/28/1989 00:00:00	xsmfa@kadxu.oud	5307405680
Гайдай Владимир Иванович	09/04/1999 00:00:00	tbron@vrcrr.lgz	9337064623
Галстян Тамара Георгиевна	12/06/2010 00:00:00	fooxc@cjbub.ste	3852268162
Галышникова Татьяна Николаевна	07/09/2009 00:00:00	jcidj@lzmjl.sla	9950366222
Ганькин Виктор Владимирович	02/02/1980 00:00:00	gzwok@ezkfn.hfv	7996853248
Гарандин Сергей Владимирович	12/03/1985 00:00:00	vojrr@pnbbc.vcd	4853305977
Гарницкий Андрей Юрьевич	09/08/2014 00:00:00	cubia@vqxzu.cba	0428642096
Герасимова Ольга Степановна	06/12/1991 00:00:00	vnsgh@zfxzc.ugx	6242428304
Гибадулин Ниаз Идиатович	05/21/2015 00:00:00	wnvcf@wlmrc.dfu	2539781927
Гилимзянова Валентина Петровна	08/25/1989 00:00:00	proeh@vxdju.bvt	4800561174
Гладких Михаил Иванович	07/15/1989 00:00:00	mfqbg@dlynq.sgl	6616797474
Гладун Виктор Ливонович	11/24/1983 00:00:00	vybtv@pidrv.gcz	6769985101
Глазков Борис Николаевич	07/18/2003 00:00:00	kikiy@idyys.tuc	1463250415
Глотов Александр Николаевич	09/22/1995 00:00:00	roxda@wqegu.tqk	4238583328
Глотов Николай Александрович	09/27/2016 00:00:00	rlpin@jrytf.tsu	0110354035
Глотова Раиса Муллаяновна	09/16/1995 00:00:00	aeavs@onxfl.sfs	4508589467
Глухих Валентина Геннадьевна	07/29/2012 00:00:00	niqju@zvtvi.wod	5594235208
Глушак Алексей Николаевич	03/23/2008 00:00:00	lsogs@xejcj.mnn	0179368888
Голов Юрий Геннадьевич	02/15/2013 00:00:00	kpiql@tcbll.mer	2708697169
Головенков Александр Николаевич	12/04/2010 00:00:00	zwgnk@epeyp.vdr	4276030009
Головичев Сергей Васильевич	07/10/2013 00:00:00	mmfhv@fybrs.pit	1278825581
Голубничая Людмила Екимовна	08/05/2014 00:00:00	brpyi@uwryy.zta	2879951400
Гончаров Валентин Иванович	03/28/1980 00:00:00	nnjhl@euniq.jdp	2262706474
Горбатенко Олег Геннадьевич	04/11/2016 00:00:00	fmzbi@narqz.pck	9444136160
Гордиенко Сергей Васильевич	08/31/1999 00:00:00	horjg@kkkrs.ceu	4140397191
Гордиенко Эдуард Викторович	01/04/1989 00:00:00	xrvio@naeio.krn	6172259337
Горев Александр Викторович	10/31/1980 00:00:00	rzisk@idyyi.kur	4089657637
Горкун Николай Лаврентьевич	01/22/2001 00:00:00	qtvns@mobtp.xei	2768164309
Горлов Сергей Алексеевич	02/22/2003 00:00:00	mjfkr@hvneh.fsz	5744426172
Городецкий Сергей Алексеевич	03/16/1984 00:00:00	spdar@pzykn.vje	4087907815
Городилова Мария Терентьевна	04/12/2006 00:00:00	vbctd@bckss.cmu	5219138111
Горшков Алексей Петрович	01/25/2001 00:00:00	qykon@tdbjp.ciy	6888311600
Грабовский Иосиф Леонтьевич	05/14/2001 00:00:00	ghmud@ooihs.wlv	7456667972
Грабовский Франко Леонтьевич	07/03/1980 00:00:00	iodil@nczno.ydg	0904827601
Грачев Владимир Филиппович	11/05/1981 00:00:00	zcksl@naico.bdf	9218263995
Григорьева Наталья Николаевна	06/25/2014 00:00:00	fospd@xrxqg.kdf	0764528529
Гриднев Дмитрий Александрович	01/10/1995 00:00:00	tahsl@oxsgb.nee	7984464888
Гринченко Дмитрий Александрович	01/09/1992 00:00:00	zbbof@vrbza.qzp	8123751078
Громов Николай Борисович	10/04/2010 00:00:00	pyoqu@kyuay.ehq	3069595157
Грязнов Владимир Константинович	01/30/1984 00:00:00	izgfh@sjquh.flq	6186026046
Губский Виктор Степанович	04/04/2016 00:00:00	owiaq@pbfrb.efq	5160624949
Губченко Дмитрий Павлович	05/23/2012 00:00:00	jasri@myysy.ksj	9670605344
Губченко Николай Владимирович	03/04/1985 00:00:00	nimjd@ytapd.xyz	9977714228
Гулай Альбина Владимировна	10/23/1986 00:00:00	wrkyg@sxxpy.pei	8079997540
Гурьев Дмитрий Васильевич	12/28/1980 00:00:00	svcyi@ugyeg.mqr	7052623937
Гутник Любовь Васильевна	07/12/1980 00:00:00	pxqzd@nimhk.rrc	1751303982
Давиденко Александр Афанасьевич	01/14/1984 00:00:00	kazlq@cidai.cna	7704871200
Балацан Елена Николаевна	03/15/1983 00:00:00	yjncd@zzzus.rfy	1073926396
Непомнящий Александр Олегович	04/16/2005 00:00:00	swigp@odraj.yac	1921033734
Рубан Александр Викторович	01/30/1999 00:00:00	vxidk@gykry.sug	7744606891
Козырева Людмила Григорьевна	04/08/1990 00:00:00	zpksd@pbrwj.kmi	2474092033
Ворожейкина Надежда Василь	05/10/2011 00:00:00	tllqw@qtrqw.uio	9587628483
Сопрунова Нина Иосифовна	04/17/2016 00:00:00	jdbyq@pwsbp.hrh	6920167659
Константинов Анатолий Алексеевич	12/25/2002 00:00:00	wtwge@qvoww.cbm	8610717723
Насыр Илья Николаевич	08/21/2003 00:00:00	hdvkf@stcsv.gee	7360204816
Токарева Галина Николаевна	04/21/1992 00:00:00	njjzp@amvep.lpd	3268174226
Бынова Ирина Владимировна	06/08/1999 00:00:00	njucb@nsvnc.mib	8710290571
Больтд Любовь Васильевна	05/22/2012 00:00:00	ehvof@hatkg.twq	8943479460
Вутэнок Анна Андреевна	11/09/1989 00:00:00	fvcyr@egect.fpu	2945431039
Мясоед Вера Николаевна	10/25/2008 00:00:00	djevr@ptvsn.gqt	1335106142
Метелева Ирина Анатольевна	02/01/1985 00:00:00	dejzh@ldoax.wyp	5355395055
Захожай Надежда Николаевна	08/17/1993 00:00:00	fjedu@zyrws.daq	2643592781
Антипьева Нина Степановна	01/14/2006 00:00:00	tvfon@iexdq.odq	1335020244
Завязочников Алексей Викторович	03/07/2011 00:00:00	thyvp@ychwj.eki	5443679301
Кладова Элеонора Николаевна	02/09/2001 00:00:00	ajbgk@fnwxi.img	5559037847
Корякина Галина Тимофеевна	03/17/2006 00:00:00	ztdqx@illcr.dxl	5660342091
Голенкова Любовь Кузьминична	04/08/2000 00:00:00	evvcv@ybijp.qbm	2565482716
Лю-Хун -Ин Виктор Николаев	01/15/2003 00:00:00	bbhjg@khera.qzu	0265037384
Тимофеева Людмила Фанковна	11/16/1993 00:00:00	flnsz@ufsic.etb	5579049082
Ленков Юрий Евгеньевич	04/05/1982 00:00:00	unhvj@fmhif.ocy	7633423863
Каптырев Николай Кранитович	09/05/1980 00:00:00	edygj@tywlj.esf	7985878554
Лаунина Татьяна Васильевна	07/20/2000 00:00:00	qbhta@ntnjf.eds	3905331770
Садчикова Наталья Иннокент	03/16/2015 00:00:00	lpkqu@ldtur.rif	0083787505
Траксель Татьяна Геннадьевна	01/17/2009 00:00:00	hlotf@leksx.avd	6890244400
Мамонтова Галина Петровна	05/27/2012 00:00:00	taoma@kxynk.ace	2692529412
Колганова Людмила Эдуардов	02/16/1981 00:00:00	xgmtt@ocqdg.kvt	6910895405
Ильина  Ольга Затеевна	06/03/2009 00:00:00	stjid@ufcqp.tqg	5614479873
Бранковский Василий Николаевич	03/03/2011 00:00:00	ygilg@cmqvu.sta	3198917200
Шилов Алексей Львович	04/15/2015 00:00:00	sqjrn@cqfry.jlc	8399199857
Алфимова Галина Геннадьевна	02/19/1999 00:00:00	pufmy@zsadx.fpu	8495260869
Кисленко Виталий Петрович	12/22/1984 00:00:00	cclye@qicee.wtx	3661992582
Алфимов Леонид Сергеевич	05/16/2015 00:00:00	pcoej@sgnzz.wdj	4053880491
Дынников Владимир Тихонови	07/05/2013 00:00:00	nqynk@awljf.xww	6493968802
Гитт Николай Николаевич	01/23/1984 00:00:00	feemn@ksvur.zao	4184055946
Сопронюк Галина Федоровна	09/04/2011 00:00:00	ewywl@cuahm.lti	2530631286
Боброва Людмила Игнатьевна	08/30/2012 00:00:00	xnecd@ugnht.ozp	5527966516
Драган Галина Афанасьевна	07/07/2002 00:00:00	wpytm@wnikh.gbj	2062091972
Янчук Василий Павлович	02/15/2016 00:00:00	ytnjq@dpfcu.win	2076741635
Янчук Нина Трофимовна	08/09/1994 00:00:00	ebsjk@qozrc.izz	9582801249
Аникин Алексей Геннадьевич	04/13/2007 00:00:00	mkegh@jpqpq.gjh	9715581222
Алексеев Владимир Александ	01/17/1995 00:00:00	buewf@ipegr.dgy	2326047376
Урбанович Виктор Иванович	05/17/2000 00:00:00	fzlqn@rmirh.fdm	1433940616
Гребнев Борис Владимирович	03/02/1982 00:00:00	vzege@bumvi.eyx	7605734970
Миссирханов Тарел Талыб Ог	12/09/1981 00:00:00	xedsd@txtxc.hpr	3422883821
Кривошеев Александр Семенович	09/23/2016 00:00:00	pqqyy@gjrsc.whb	0367952851
Подойницын Алексей Георгие	08/19/2002 00:00:00	zsclc@pdjhp.znc	4894545480
Бычихина Людмила Николаевна	05/10/1986 00:00:00	jgxfc@lgaha.lrg	8720575605
Бледных Данил Николаевич	09/25/1991 00:00:00	hexyc@slase.ptf	1308056568
Соловьева Евдокия Николаевна	06/10/2003 00:00:00	pcrhj@zsgkh.sqb	2513897461
Бапыгулов Арыстанбек Абылкасымович	07/10/1992 00:00:00	obrpw@ncjaq.ihw	4400991455
Кузнецова Елена Николаевна	12/31/1997 00:00:00	iukxg@vnyjz.ycf	7387396079
Симонова Елена Юрьевна	09/25/1998 00:00:00	qsxuy@tnlrb.mju	4585469393
Семененко Валентина Александровна	01/23/2007 00:00:00	eiqdf@wovoo.wtf	3051852073
Семененко Валентина Александровна	01/12/2003 00:00:00	pjdmj@fiups.ktm	2535129797
Лео Галина Яковлевна	05/27/1998 00:00:00	knnxm@dvqgl.zbt	1326272085
Толстов Алексей Михайлович	06/16/2007 00:00:00	ohpnz@dwvpr.qtz	8386701242
Конечная Татьяна Евгеньевна	11/20/2013 00:00:00	vfeyp@raqsp.xzp	8684463313
Муранцева Людмила Александровна	03/31/1987 00:00:00	kkile@nyrhb.bth	7221509108
Филатов Василий Милентиевич	04/25/2008 00:00:00	syzyp@tqcws.vun	2281796951
Вертелецкая Эльвира Георгиевна	07/05/2002 00:00:00	jbhdm@vjefi.oqn	1539691049
Ковжун Галина Ивановна	08/15/2000 00:00:00	raysx@efmyd.uqw	3612556496
Шамич Андрей Петрович	01/02/2006 00:00:00	srnla@yykcx.cpd	5040986475
Лысенко Ольга Ивановна	11/04/2014 00:00:00	sainr@rnvmr.jfb	3725977777
Малышева Лариса Николаевна	06/17/2008 00:00:00	mpecn@qqjdz.cvl	6427505873
Куприянов Анатолий Владимирович	11/04/2003 00:00:00	abgti@quavy.gvx	4501832295
Мазаник Дмитрий Владимирович	06/16/1987 00:00:00	incsa@eqews.hda	2837392818
Поздеев Владимир Иванович	11/08/1997 00:00:00	nudow@spocc.myg	2978174163
Демура Марина Николаевна	12/22/2001 00:00:00	otiop@vgrse.roy	8674211053
Трухин Сергей Алексеевич	03/29/2017 00:00:00	qcupd@bdttx.lou	5197837756
Маренко Даниил Анатольевич	03/08/2006 00:00:00	axgkh@dzlha.ksl	8216549642
Пьянов Сергей Николаевич	09/10/1983 00:00:00	ughhl@kruob.lts	8686741538
Жыргалбекова Нурайым Жыргалбековна	11/18/2001 00:00:00	semrt@fjryn.ple	0850528600
Бондарь Ян Вячеславович	06/08/1988 00:00:00	ngztu@egitk.koc	9795134214
Шевченко Наталья Михайловна	05/02/2004 00:00:00	lusfk@oines.dzk	7455718074
Емельянов Павел Александрович	12/13/2004 00:00:00	upirr@shnvk.vny	0987492899
Чорный Олег Иванович	01/15/1998 00:00:00	iddpw@uagkr.iyq	0867813552
Солонко Людмила Борисовна	05/20/1998 00:00:00	mmpwk@ldnqv.pao	5147714861
Киселева Ирина Анатольевна	04/07/2013 00:00:00	huxtd@jqqlt.xrc	2867216000
Сорокина Лидия Николаевна	01/20/2010 00:00:00	idqll@nkdkw.jhc	4791921268
Никифоров Валерий Савельевич	10/09/1989 00:00:00	bdwej@drybg.spp	4911064870
Буш Минна Андреевна	07/06/2012 00:00:00	udcha@sxwur.hpi	5300792039
Еньшина Валерия Александровна	09/09/1997 00:00:00	cnfuc@erebi.dba	2862139938
Малкова Людмила Григорьевна	09/23/1987 00:00:00	pptzo@uxlzk.fzu	7987152215
Ивашкевич Людмила Васильевна	10/05/2002 00:00:00	iufas@dqmau.qpf	3103181683
Моряхина Юлия Геннадьевна	02/19/1981 00:00:00	bxijr@ujcql.ble	3713392111
Музафаров Бахром Бахтиёрович	12/24/2003 00:00:00	smnbe@bjawn.mdd	3796670119
Требунский Сергей Васильевич	04/23/1988 00:00:00	aspzp@vspdx.spw	1720242972
Гавриков Сергей Сергеевич	06/24/1990 00:00:00	qvnkg@omcap.oni	5072183247
Пискарёв Владимир Александрович	05/26/2003 00:00:00	xtykr@uuyzh.mzd	0440686036
Белозуб Анна Тимофеевна	03/20/1984 00:00:00	kryme@bajaf.bqq	3183265285
Силин Владимир Иванович	07/06/2016 00:00:00	ysusw@sktsp.cos	7358994704
Пшеничникова Сталина Фёдоровна	04/08/1995 00:00:00	udwwm@ljtln.czt	3316543057
Судакова Ольга Владимировна	10/23/1987 00:00:00	lbbru@pgkuv.gap	9893386067
Наконечная Елена Юрьевна	11/01/2009 00:00:00	oenvh@wiukg.iku	4751213143
Саяпин Владимир Викторович	08/29/1986 00:00:00	teuqd@zfxuv.imm	2795408725
Приходько Сергей Яковлевич	10/12/2006 00:00:00	bnntr@lwhpb.uur	4218135549
Ветчинкина Татьяна Григорьевна	04/09/2003 00:00:00	hjkgp@xcppm.ptd	6254857464
Толмачева Людмила Михайловна	06/12/1991 00:00:00	cligg@skszp.pgk	2124441207
Елисеева Татьяна Александровна	11/02/1995 00:00:00	cpppx@rbsmp.xiu	2689275153
Шавилов Антон Аркадьевич	04/10/2009 00:00:00	vihpd@gzmea.sfq	6140991659
Алексахина Олеся Владимировна	10/10/1984 00:00:00	jatrn@zmmqo.guh	6094417310
Коротаева Наталья Петровна	02/13/2002 00:00:00	zdust@rgksh.jxp	3544650648
Арбетман Ольга Александровна	03/24/1992 00:00:00	vwaal@qnuqg.zun	7278315497
Слепцова Саяра Константиновна	12/29/2014 00:00:00	lnwaq@buakp.gzw	7677257666
Башкатов Василий Антонович	10/31/1988 00:00:00	bsgyr@smwkx.dom	5687825127
Шестерин Александр Александрович	11/08/2013 00:00:00	kzepk@iydbv.xuh	3113978071
Решетова Зинаида Алексеевна	04/19/1990 00:00:00	dfeiv@ykblv.zvy	4005470757
Вампилов Тимур Мункоевич	09/22/1982 00:00:00	hmpsy@rmkrs.ubk	2912674935
Гозиев Диловар Гозибоевич	10/26/2015 00:00:00	fqfvd@jiplo.kww	2243942114
Давыдов Борис Семёнович	05/11/1980 00:00:00	rvpjo@lzcvz.yjc	7830303403
Шодиев Рустамджон Халимбоевич	01/26/1989 00:00:00	cwyfj@oobkb.ena	5071445898
Радомская Валентина Ивановна	08/15/1980 00:00:00	esoqk@xbuyr.lmm	5255295382
Голикова Разия Шафигуловна	12/06/1994 00:00:00	utaqx@walme.aum	8911322850
Деменко Галина Николаевна	07/18/1998 00:00:00	oeyxy@izlng.ntw	3219929348
Юрьева Анна Дмитриевна	09/25/2007 00:00:00	uuqcu@ebrjg.qlm	9911574590
Бурсакова Лариса Ивановна	12/06/1982 00:00:00	buwfi@ippuc.jed	2212461529
Терещенко Наталья Владимировна	04/11/1998 00:00:00	vdavd@lozhv.tpi	9973768318
Сияров Сомон Аламшоевич	01/30/1992 00:00:00	vuxjm@ayunv.wbc	3441210337
Петкевич Наталья Валерьяновна	04/29/2007 00:00:00	xgisg@jwjos.iea	2009302748
Подгайко Ольга Анатольевна	08/07/2017 00:00:00	wlwim@qfaml.cac	1264642371
Кулеша Нина Николаевна	11/19/2016 00:00:00	mfcee@thdyl.kmh	4037368792
Суржина Зинаида Ивановна	05/18/1987 00:00:00	zyrrq@oidnc.ijc	3402121566
Горбуля Анастасия Юрьевна	04/25/2016 00:00:00	zgihs@yryko.acf	5065638390
Котемако Максим Юрьевич	01/08/2013 00:00:00	zzhij@qltqi.hrk	2262819802
Богдан Евгений Николаевич	05/30/2007 00:00:00	gnfns@oguga.fjh	4522973898
Литвиненко Олеся Евгеньевна	02/28/2006 00:00:00	qjizc@agbfx.sav	1172350619
Тертышная Алла Семеновна	01/27/1994 00:00:00	zfqow@zarmi.sod	3517090453
Лукашина Анна Евгеньевна	05/04/1996 00:00:00	udefo@ahwdl.mju	4430222715
Косицына Ирина Алексеевна	09/04/1997 00:00:00	zjres@aselk.vwk	6746145160
Доценко Михаил Николаевич	11/29/2015 00:00:00	tthqx@ugirr.oev	9858420996
Васильева Ольга Александровна	07/04/2012 00:00:00	bsgto@cgomi.jxl	4373101185
Шаповалова Антонина Михайловна	12/09/1986 00:00:00	znvpp@cvqbv.dfy	6072401840
Тузова Екатерина Юрьевна	06/05/1997 00:00:00	jdmrx@vwukf.ehg	7464663032
Никишова Ирина Анатольевна	10/12/1980 00:00:00	ldjmv@tctqn.nmm	1498107973
Миронов Андрей Геннадьевич	12/29/1984 00:00:00	uattp@medxb.xao	5300345772
Сердюк Дмитрий Петрович	05/24/1990 00:00:00	aobrw@ebpgs.tom	0942446451
Пшеничная Альбина Валентиновна	06/17/1985 00:00:00	wlmcz@knfpc.utf	5839846289
Давыдюк Валерий Григорьевич	06/22/1990 00:00:00	wzbvf@cjcul.lfg	4002751473
Калиниченко Владимир Александрович	12/05/1993 00:00:00	tzldl@tzxva.lpd	9521299373
Клименко Елена Сергеевна	01/07/1985 00:00:00	oxxvg@yurmd.qiv	7993856178
Кузнецова Ирина Николаевна	09/06/1993 00:00:00	xdplk@wmtaz.rxf	5979039446
Кривощекова Людмила Ивановна	08/01/1985 00:00:00	tnejq@etecu.car	6438046318
Кузиванов Геннадий Георгиевич	05/25/1992 00:00:00	sjlbq@pvvjk.owy	2585285115
Акулина Наталья Петровна	01/14/2003 00:00:00	gdlro@yawgo.qlz	1015297617
Хоу Юнсян	11/19/2012 00:00:00	nchev@inquq.wey	1929352338
Жигжитов Алексей Анатольевич	11/22/2015 00:00:00	nrmeg@hejxd.jyo	2725798810
Белоусов Александр Фролович	05/03/1980 00:00:00	dyqaa@lbvlf.hun	3123529052
Панишев Юрий Григорьевич	01/02/2007 00:00:00	iadda@ojmzj.qjf	6219839724
Максименко Зоя Петровна	02/06/1982 00:00:00	gwilp@gofzo.shz	8302072489
Давиденко Виктор Александрович	09/23/1983 00:00:00	zrcli@bsqnb.oxg	6172416742
Давиденко Евгений Афанасьевич	07/02/1988 00:00:00	hgpvb@vzzbj.xju	5821292249
Давиденко Иван Афанасьевич	03/11/1991 00:00:00	bjejn@wgfem.kuf	7268505533
Давыденко Елена Юрьевна	11/10/2001 00:00:00	ifkfz@jwhbv.hom	8441717837
Данилова Наталья Витальевна	12/22/1995 00:00:00	pmxqc@reykt.bwd	0628323991
Дегтярев Сергей Владимирович	02/15/2010 00:00:00	uujby@skply.mvt	0776898740
Демин Владимир Александрович	02/20/2015 00:00:00	iknni@lrbtr.hdv	7622015962
Демина Наталья Александровна	07/18/2003 00:00:00	xebnp@mbbkj.ubq	4201787149
Демьяненко Евгений Валерьевич	12/10/1996 00:00:00	ybzps@vqvcq.dpi	2905768706
Денисов Валерий Семенович	08/01/1987 00:00:00	zvzyz@uazdl.gdl	6832756358
Джевага Николай Павлович	05/29/2000 00:00:00	xvgti@anodx.jzt	7860160101
Димирова Надежда Ильинична	10/12/1999 00:00:00	mkrjk@dhjhm.acd	7069681206
Димов Николай Александрович	09/11/2011 00:00:00	dqibm@osnqv.sui	6604850476
Довгалев Сергей Викторович	10/15/2002 00:00:00	tzzls@jhyxk.tns	0088593249
Долганов Аркадий Степанович	08/24/2017 00:00:00	sziom@gsafk.zoc	4191388361
Долгов Федор Андреевич	08/03/1985 00:00:00	xzibs@mmjki.bhl	4887135175
Дорофеева Любовь Александровна	02/18/1982 00:00:00	zispw@ajqnc.wko	1195605201
Дорошенко Галина Владимировна	12/06/2000 00:00:00	rohne@qabze.mis	0863075150
Дружинин Владимир Юрьевич	02/23/1994 00:00:00	hsnew@wdehy.daa	5519508208
Дубатовка Александр Степанович	07/19/1993 00:00:00	mzqbs@nnnac.oav	6412802359
Думов Алексей Константинович	05/04/1997 00:00:00	vcuws@adsvf.waf	2846741945
Дуплищев Борис Александрович	03/17/2015 00:00:00	snojv@aewly.zuy	9685937796
Дурович Александр Александрович	10/20/1987 00:00:00	fyklk@mylbi.ocj	1626634024
Дьяченко Андрей Викторович	11/21/2015 00:00:00	wnyyx@fnutu.wik	4574449448
Евстратов Александр Александрови	04/21/2002 00:00:00	irwqs@clmoa.noy	4502557248
Егоров Сергей Анатольевич	12/02/2003 00:00:00	fwdvy@zphzl.rqh	0586333398
Еленич Андрей Николаевич	04/20/2011 00:00:00	qjwkf@jwpnv.vqu	5245975127
Елисеева Александра Анатольевна	09/19/2012 00:00:00	gbstw@mzeni.zmm	0539081843
Емельянов Сергей Эдуардович	04/11/1993 00:00:00	tglvu@jpjtj.opj	5601563380
Емельянов Эдуард Сергеевич	02/20/1980 00:00:00	ukyou@lhczv.ryn	4617992194
Ероменко Валентина Ивановна	04/03/2009 00:00:00	ewics@pddby.drk	8779425775
Ерохин Роман Николаевич	10/27/2005 00:00:00	comjx@jkpzw.yus	4355866037
Ершов Вячеслав Иванович	10/22/2004 00:00:00	gjaez@tvism.ifn	2227631840
Ефремов Сергей Викторович	03/29/1994 00:00:00	chpwt@sccot.vga	8148152332
Жабина Тамара Абисуфовна	12/12/1993 00:00:00	wjhqx@zqfyt.hxx	4806637469
Железниченко Галина Васильевна	05/29/2007 00:00:00	fiofn@ahhts.zsn	4011958579
Жилков Евгений Анатольевич	04/26/2001 00:00:00	haycx@pyqve.kbh	3712645196
Журавлев Александр Васильевич	10/26/2002 00:00:00	jpolg@vyvlm.jgf	5936801504
Журавлев Джон Васильевич	06/15/1981 00:00:00	tvivi@fafuk.iom	3168839590
Журавлев Петр Иванович	05/23/1988 00:00:00	onhhu@sdtdh.eup	9066425880
Журбин Олег Валентинович	08/06/1987 00:00:00	landg@hgdvv.tuh	0925661335
Забродин Михаил Павлович	08/02/2004 00:00:00	ntvgr@nhjfr.mwg	2584813981
Завьялов Александр Иванович	04/04/2006 00:00:00	sqseu@xgssd.mzk	4055545181
Зайцев Владимир Сергеевич	11/21/1982 00:00:00	rzyve@heyps.pcp	9354997772
Заковряшин Сергей Климентьевич	04/05/2011 00:00:00	ekkjn@unhax.lbf	8003519373
Зарезин Михаил Руфович	12/24/2002 00:00:00	logaz@pealx.stk	7961045218
Захаров Николай Иванович	09/22/1999 00:00:00	drjxo@fowzk.bzu	2756880150
Захарук Александр Владимирович	07/14/2000 00:00:00	rilxa@vwfdh.rci	6758807337
Землянский Николай Степанович	06/27/1992 00:00:00	eikot@sjdsq.pso	1350019701
Золотарев Александр Владимирович	06/12/1997 00:00:00	kxzhb@ddtsj.ogp	6215719479
Золотарев Андрей Дмитриевич	10/01/2010 00:00:00	dmmia@rfjbc.ezq	7429589308
Зотов Алексей Иванович	12/17/1994 00:00:00	sysyr@eodsr.awu	5811494146
Колесниченко Ольга Александровна	12/05/2003 00:00:00	rjbmd@jpvoc.ptj	2752594269
Сыровацкая Людмила Николаевна	06/15/1993 00:00:00	qselt@ljnri.ibo	5647084717
Костырев Валерий Арсентьевич	07/01/2002 00:00:00	mvkyt@zfyia.mlt	9983159402
Геращенко Леонид Васильевич	04/04/1986 00:00:00	dyncf@jkfel.yrp	3455439011
Ивашкевич Степан Евгеньеви	09/12/1980 00:00:00	xlvgm@gegjl.pgz	2905982082
Ордынанс Светлана Михайловна	01/15/1993 00:00:00	imxpb@mcafb.vqq	3199915201
Соколов Алексей Андреевич	04/17/2017 00:00:00	mjqkt@beucb.dmt	5617243216
Манухин Василий Михайлович	10/16/2009 00:00:00	gqmzx@hwgbh.jlg	4039027558
Пилипенко Александр Григорьевич	07/25/2016 00:00:00	jkixk@ivqxh.tju	2025280131
Онищук Марина Николаевна	06/03/1982 00:00:00	krsym@izmct.tdp	5449264140
Кокоулина Светлана Аркадье	04/07/1990 00:00:00	hawts@lsksy.hxf	7333986501
Демченко Ольга Анатольевна	10/20/1996 00:00:00	nscvw@wnyyx.pkx	6620330136
Симоченко Анатолий Сергеевич	01/25/1996 00:00:00	fsoxj@nivmg.wja	6685103963
Сивирина Ирина Александровна	04/28/2012 00:00:00	mtssu@igzaf.bxc	3914601102
Диньга Валерий Николаевич	09/15/2012 00:00:00	pplmu@xezrp.kbe	6855238197
Клипач Иван Геннадьевич	06/15/1997 00:00:00	mnpzo@sxmem.mdc	3840823362
Батура Александр Александр	11/02/1988 00:00:00	unqbo@xvfdq.xyz	2962702565
Борн Петр Яковлевич	03/29/1990 00:00:00	sfsug@zyoku.gum	9635323414
Мулявко Николай Андреевич	01/04/2002 00:00:00	vfdgy@qflsc.zyw	8162104174
Готовец Геннадий Викторови	01/19/1997 00:00:00	lsrkm@xijbn.uwo	0709135649
Мосейчук Юрий Владимировна	06/23/1999 00:00:00	tlmsb@dkshc.uso	2275379400
Мунина Евдокия Николаевна	10/03/1985 00:00:00	nnmee@huftz.txy	9122675773
Мисайлов Виктор Иванович	12/14/1985 00:00:00	etrlv@dyons.lzf	5924580783
Петриченко Александра Федоровна	06/28/2010 00:00:00	htidn@gqogt.dil	5890841250
Бобров Анатолий Владимирович	12/13/1988 00:00:00	zsgkj@awtri.kks	4032911202
Трофимова Елена Геннадьевна	11/29/1984 00:00:00	ntoov@fiqdt.sjl	2825494001
Завьялова Тамара Владимировна	08/18/1984 00:00:00	elakc@hbjvx.mtr	8405372601
Щербаков Андрей Николаевич	01/23/2017 00:00:00	pclrp@tfqfm.qkd	8723038495
Горян Владимир Владимирович	03/11/1984 00:00:00	ekcjm@chtme.hli	6646522204
Долговых Николай Сергеевич	10/07/1990 00:00:00	hftej@fgcrp.ohg	5375971283
Горленко Тамара Леонидовна	03/24/2000 00:00:00	mnspt@hfsic.zud	7995206873
Тарнавская Людмила Александровна	07/27/2013 00:00:00	jyfvr@inxfm.wgq	6648482127
Тетерятников Борис Иванович	02/16/1987 00:00:00	gaqzf@yefnt.diq	5454817324
Семенова Марина Михайловна	04/18/1994 00:00:00	ihxsg@eynfc.gzv	0339023543
Алексеева Тамара Андреевна	11/23/1981 00:00:00	zyjxm@lznjz.nis	3290529235
Дзех Александр Михайлович	05/10/1991 00:00:00	qnbmf@tbyzw.yxt	8240268027
Плетнев Иван Дмитриевич	06/24/2009 00:00:00	qatbg@thncq.ksj	4977305473
Калашников Анатолий Александрович	09/09/1987 00:00:00	mbtcd@spmoi.ulm	4771738231
Карогодин Николай Михайлович	09/15/2006 00:00:00	xbdlw@oztgx.pgz	5618418359
Семенов Александр Владимирович	04/11/1988 00:00:00	lhaow@vdxcc.xvb	0279655582
Артеменко Павел Васильевич	04/06/2003 00:00:00	sgnpn@jeoui.cre	8919195107
Блохин Сергей Васильевич	05/26/1989 00:00:00	pcnte@fublp.bih	3265951593
Медведев Валерий Викторович	07/25/1989 00:00:00	cxymr@lojcq.oym	9593026015
Коптелкин Виктор Сергеевич	03/04/1985 00:00:00	rurml@opyfq.tkv	2716829673
Конотопчик Юрий Иванович	04/28/1994 00:00:00	uqyyf@cfhga.khs	9917463275
Митюшкин Александр Николаевич	06/14/1989 00:00:00	tupxq@uwdwy.jxw	4638934449
Голубев Александр Евгеньевич	07/24/2004 00:00:00	adrul@mzkcb.afe	6255385331
Степанова Раиса Николаевна	09/02/2016 00:00:00	bpedw@jzfeh.vpt	9946852882
Ящук Василий Федорович	01/04/2008 00:00:00	ltpkv@cnxpr.ape	2310188839
Куришко Августина Сидоровна	04/09/1982 00:00:00	mpnyf@rubhg.isj	2911642973
Симухин Вячеслав Алексееви	09/11/1991 00:00:00	veitm@ezzkc.tdu	2132867385
Манухин Александр Васильевич	04/01/1982 00:00:00	zwbzs@emdbt.fsu	8838329660
Чугунов Сергей Васильевич	03/04/2013 00:00:00	ewzie@khzaz.qjx	4128996455
Соловьева Марфа Степановна	09/11/1993 00:00:00	jmint@kdxxj.uxc	7837772714
Датченко Сергей Анатольевич	03/22/2013 00:00:00	zxsbl@arxrp.hqw	8855807015
Василец Алексей Викторович	03/04/1998 00:00:00	bnypf@yrjwf.zip	0368241380
Падерин Виталий Никифорович	07/02/1987 00:00:00	amvee@iqkmw.kqo	4449924484
Семенюк Алла Валентиновна	09/29/2009 00:00:00	hnffe@moaeg.lyc	3750285423
Ванчугова Людмила Викторовна	01/16/2015 00:00:00	ufmtm@cckrd.zor	9149882315
Матвиенко Владимир Ильич	07/11/2013 00:00:00	icfmf@epjab.dkz	7719087818
Жумаева Дилрабо Садритдиновна	05/29/1988 00:00:00	cpxux@qqaar.rdr	2682079455
Котовский Ярослав Сергеевич	03/25/1980 00:00:00	dteuy@cnjsg.hdw	2377401725
Дитор Татьяна Ивановна	08/07/2005 00:00:00	cvhfp@radip.cta	7868439831
Василец Антонина Степановна	10/19/2005 00:00:00	tpxkb@okkuw.ecy	6997619575
Гуляева Наталья Ивановна	12/06/1999 00:00:00	jzxse@qlirs.snp	6295913986
Базарон Дари Батоевна	06/07/1994 00:00:00	waznp@hukpz.cnk	1827355321
Огобаева Касиет	09/04/1989 00:00:00	iglso@bimpn.jas	1180830541
Сочнева Анна Евгеньевна	10/08/1981 00:00:00	wvsrl@yjigp.wqg	1523244001
Медведева Елена Сергеевна	06/06/2010 00:00:00	dbqmm@qbeqv.cpx	8385221485
Кузнецова Анастасия Витальевна	05/09/2001 00:00:00	wtmrz@ubaev.soq	8486142815
Петрова Екатерина Анатольевна	09/18/2005 00:00:00	rjzky@guyrh.nut	0903589712
Пилипенко Александр Анатольевич	02/24/1981 00:00:00	tbbjn@yzpsr.fvh	0417380210
Кулик Валерия Александровна	04/09/2001 00:00:00	swtdb@ragtm.bfi	8820667051
Косицына Анна Сергеевна	09/25/1993 00:00:00	razma@owdaq.ajm	7799744328
Гричачин Иван Геннадьевич	07/13/2011 00:00:00	cgxcx@jpjye.rbc	0196830535
Левчук Сергей Яковлевич	01/27/1990 00:00:00	jmfst@bqcwl.gxf	1497420187
Панченко Радий Рудольфович	12/05/2013 00:00:00	rxttt@oyefu.snq	6683307681
Понуровская Наталья Александровна	10/11/1980 00:00:00	zwgxp@pigio.tnv	9385920155
Рябинов Николай Викторович	03/02/1996 00:00:00	uhepz@tcbcv.suw	5635853981
Стукова Лариса Николаевна	03/28/2017 00:00:00	uwzlo@wjvbl.hlp	4935246612
Цай Дмитрий Валерьевич	02/01/1998 00:00:00	ljvor@eocpx.djt	9251706360
Хорев Александр Иванович	09/11/1985 00:00:00	bypnb@emgmr.rob	7366536540
Шлегель Валерий Оттович	01/20/1989 00:00:00	gkfri@wrmwv.itp	0659066604
Ларичева Тамара Ивановна	12/03/1981 00:00:00	gvwci@dzxmp.xjd	8513717779
Жишкевич Александр Николаевич	10/22/2016 00:00:00	spaak@pxuje.zzw	4733998167
Гойкалов Артем Алексеевич	12/23/1997 00:00:00	nrlyh@xnhrn.vdn	3153585118
Усачев Владимир Александрович	05/24/1980 00:00:00	qspkv@wvwva.vmi	9668883403
Лавский Валерьян Геннадьевич	03/03/2011 00:00:00	gbgip@gidoj.uuf	6464860068
Позднякова Любовь Никифоровна	10/24/1998 00:00:00	uorzy@sivkq.kij	5526482151
Макиевский Василий Васильевич	06/18/2001 00:00:00	lxlel@mvzfp.fmt	9244253183
Панфёров Виктор Сергеевич	11/08/1983 00:00:00	ccwpa@ofjsg.jfb	5583661711
Кирсанов Денис Владимирович	06/21/2017 00:00:00	uhicl@boeaq.oib	5874025237
Семененко Ольга Павловна	05/20/1990 00:00:00	gxxjf@toqqy.zch	7473103541
Ильчук Клавдия Павловна	12/01/2010 00:00:00	mhlve@dnqwj.obe	5733499304
Тележко Ирина Владиленовна	08/09/2017 00:00:00	pbagx@jdbet.tlc	7934131776
Жданова Елена Евгеньевна	01/11/2003 00:00:00	ggpvs@wppuk.uvu	1862734240
Петрина Мария Кузьминична	07/16/2001 00:00:00	qnlcm@ucyuw.kta	3541519029
Шиндеев Николай Сергеевич	07/03/2001 00:00:00	efpnb@jjijv.ezh	2708640934
Битюцкий Сергей Владимирович	12/25/2002 00:00:00	whsie@vdmai.ohw	9206450983
Макеев Александр Борисович	08/17/2017 00:00:00	gejnj@gqhzu.usf	3015231679
Смоляренко Марина Владимировна	07/06/2017 00:00:00	xeorv@pkjna.yle	8372305401
Мельник Валентина Федоровна	10/17/2002 00:00:00	aqogb@tpssn.eli	8576542729
Геевская Надежда Викторовна	03/30/1986 00:00:00	wjemc@updmv.zna	2336932993
Колосова Галина Александровна	08/27/1986 00:00:00	zyqpj@zcumt.tsw	8259137633
Золотовская Тамара Федоровна	04/18/1994 00:00:00	ooigv@jkazx.afo	4121405725
Лескова Ирина Александровна	07/18/1990 00:00:00	nmikj@dohtq.qcb	0724077886
Ян  Хунли	09/18/1998 00:00:00	sbtwf@hpvog.zvu	4908362593
Хлыстов Павел Викторович	06/10/1999 00:00:00	deldq@lznsq.vpi	6239180802
Бялик Наталья Викторовна	11/27/1999 00:00:00	yukbx@jfpbv.sps	7194572198
Горячкин Иван Александрович	02/23/2003 00:00:00	rkpbq@cuvnc.xmj	1301507860
Старостин Григорий Константинович	12/24/2001 00:00:00	opvfk@nbucz.xtr	2354291582
Дианова Лариса Анатольевна	09/20/1986 00:00:00	utbmq@tdfbb.kbm	7833428544
Найденова Анна Валерьевна	07/30/1993 00:00:00	svuxo@lvlmt.hbl	3040978622
Похабова Ирина Николаевна	07/18/2015 00:00:00	wupxr@sgzti.ijr	8857269317
Линчевская Татьяна Вячеславовна	06/10/1995 00:00:00	lbhbg@wtqtk.pxd	9517275719
Морозова Александра Александровна	09/18/1982 00:00:00	joekz@pbjxs.adw	4691975909
Азизов Джураходжа Азизович	11/30/2008 00:00:00	sqfdw@ropai.bxn	0470706108
Чувашова Татьяна Александровна	09/04/2003 00:00:00	rsdgq@oapbh.pmt	7416310885
Путилова Юлия Александровна	09/23/2006 00:00:00	cxqfr@vwktq.vnk	7490079595
Яненко Людмила Леонидовна	12/13/1981 00:00:00	szonk@icczw.fai	0337288892
Тяпкин Сергей Федорович	01/13/1994 00:00:00	blflb@zcvxe.ixf	1341658617
Рябова Виктория  Александровна	03/31/1996 00:00:00	dxssz@usctu.tnc	1801803800
Погорелый Валерий Николаевич	09/11/2000 00:00:00	cfltu@eicpx.scn	3210105146
Воронова Татьяна Александровна	12/19/1988 00:00:00	fhgpk@zpwwc.vqm	5099471630
Кириенко Тамара Михайловна	07/02/1997 00:00:00	itwua@culyq.pfl	5581008077
Згирский Дмитрий Вячеславович	12/24/2005 00:00:00	uozge@dkiav.gxw	5157068983
Анищенко Сергей Николаевич	07/03/2008 00:00:00	pkiop@dpobq.abf	0863536326
Дмитриев Алексей Валентинович	02/03/2008 00:00:00	siylg@tiwsx.fjw	8582421285
Скрипко Валерий Григорьевич	11/12/1993 00:00:00	znxlj@irhyk.upf	6638773196
Еленская Анастасия Викторовна	07/01/1988 00:00:00	zussc@fcajx.vyy	3295062902
Смайкин Евгений Интусович	04/10/2006 00:00:00	jenbm@lnniz.wxr	6650834637
Змиевский Александр Владимирович	06/04/1992 00:00:00	tantg@hossx.nio	5165834903
Малик Юлия Александровна	07/15/1995 00:00:00	pjxln@kproz.lua	9722721012
Малик Андрей Николаевич	04/11/1996 00:00:00	bayfu@ohxsr.qxj	3803129307
Шипановский Юрий Дмитриевич	06/19/2017 00:00:00	drwpe@stxkl.bvl	6181207130
Жернакова Эмма Владимировна	01/11/2013 00:00:00	iykty@bteyz.gun	9911972434
Журавлев Сергей Андреевич	03/10/2017 00:00:00	kldhd@tgjru.qnq	7988621828
Бокин Александр Александрович	05/26/1982 00:00:00	rxdcx@sidpa.lzi	8754665983
Привалова Юлия Владимировна	05/14/2005 00:00:00	ijefy@pedqe.plk	0636360517
Золотникова Анастасия Александровна	04/07/2006 00:00:00	rzcbv@mgqvu.nvt	7535488873
Каширина Елена Васильевна	01/01/2017 00:00:00	joviz@fivwd.onf	8536357682
Пульхеровский Александр Борисович	09/11/1998 00:00:00	wqcyd@qqjzz.qsm	0124596612
Чаплыгин Олег Михайлович	04/07/1991 00:00:00	ioacf@mgysn.jzr	8222275551
Залесский Валерий Дмитриевич	05/27/2013 00:00:00	bimcd@grfnr.ktk	1538709210
Куцын Николай Герасимович	03/21/2017 00:00:00	mjeht@kyprt.kzt	7316038321
Славгородская Наталья Александровна	11/14/2014 00:00:00	vcrww@wnrxx.hzt	9997507001
Холшевникова Вера Куприяновна	11/23/2003 00:00:00	uropi@vxhtf.gie	1507105047
Холодкова Людмила Федоровна	07/30/1992 00:00:00	qfsen@ggncv.zwe	3218965746
Горбунов Михаил Соломонович	06/24/1995 00:00:00	uufnh@qymcj.xxj	6630461522
Рашитов Андрей Юрьевич	11/21/2014 00:00:00	jtmyg@nlwzd.pxj	3798138424
Липский Алексей Петрович	11/08/2011 00:00:00	xodpo@cbicp.ovu	8769659777
Шишкин Игорь Владимирович	08/08/2015 00:00:00	icjnv@yejtc.joj	0987974384
Малафай Дарья Александровна	07/07/2012 00:00:00	ydenj@fzjqd.uvm	2523927742
Чариева Эльвира Мубараковна	01/11/2001 00:00:00	ipavs@azhln.qkj	6471777452
Зюзьков Александр Николаевич	08/04/2003 00:00:00	lqfrk@obasn.wvx	3323683388
Иванец Игорь Богданович	04/06/2001 00:00:00	fqyec@aasut.ioe	5357348847
Троценко Алёна Викторовна	02/05/1982 00:00:00	nlunj@bqgyo.vaa	4390780067
Серохвостова Алена Игоревна	01/06/2015 00:00:00	ftacc@ywzxs.vlt	3466153935
Иванов Николай Васильевич	11/22/2006 00:00:00	icjkl@ecksx.qou	3952059310
Иванова Галина Дмитриевна	01/20/2006 00:00:00	qroad@xoguw.fsz	7547821507
Иванова Наталья Михайловна	10/12/1999 00:00:00	sispg@hkkfd.cst	8194168656
Потий Антон Андреевич	05/11/2008 00:00:00	yvtrv@bacno.xvs	4339340589
Иванова Татьяна Васильевна	07/28/1985 00:00:00	unqxu@zwfcd.stu	4653105180
Ивахненко Александр Владимирович	05/28/1991 00:00:00	lmevr@mfobb.wzd	1121638606
Ивахненко Сергей Борисович	08/12/2014 00:00:00	owjuc@vniux.mel	6117856694
Ивашин Дмитрий Юрьевич	07/22/1989 00:00:00	mkeyy@ywbjl.uqz	3717570069
Ивашкевич Никодим Александрович	12/03/2008 00:00:00	tqzmp@ydjzq.jwj	9863981769
Иващенко Анатолий Петрович	01/14/2015 00:00:00	evatv@dywkv.kli	9420208064
Игнащенкова Анжелика Владимировн	10/26/2015 00:00:00	ievxj@cfngd.qur	5122079094
Игоренко Александр Валентинович	02/23/2000 00:00:00	pqysu@wqvzo.jro	9257221361
Изатуллаев  Тахир Исматуллаевич	04/06/1983 00:00:00	urxyw@tgrkj.sgg	3446636229
Иконников Андрей Викторович	07/07/2006 00:00:00	qhala@studx.meb	8970789387
Ильин Валентин Викторович	01/18/2016 00:00:00	yfjuq@oazxm.thr	8329655372
Ильин Геннадий Петрович	06/17/1980 00:00:00	jnsug@ykhpt.obg	6912195626
Казаков Виктор Дмитриевич	09/08/1982 00:00:00	gytmw@jshke.aag	9770421517
Казанцев Валерий Иванович	01/29/2013 00:00:00	cpbnj@lkfnb.ymw	5459841926
Кайдаров Борис Георгиевич	12/25/1984 00:00:00	qfmix@bmecd.eqx	8838994934
Каленов Виктор Петрович	01/11/2005 00:00:00	xgozg@gczww.ykh	8151098368
Каленова Лидия Николаевна	06/26/1989 00:00:00	pscnp@dztsh.uob	3129013794
Калмыков Игорь Владимирович	05/14/2000 00:00:00	omtmv@mbndg.kzg	1748812143
Калугин Тимофей Дмитриевич	01/31/1982 00:00:00	beauz@vdibq.hnb	8612686363
Камский Валентин Иванович	12/04/1995 00:00:00	wbenj@lrrhc.esi	7606993396
Кантемиров Александр Дмитриевич	08/12/1992 00:00:00	rqetw@phvzj.uet	8378390481
Капустян Сергей Владимирович	09/17/1996 00:00:00	ijppd@rljbx.knw	1680022356
Каразеев Виталий Борисович	05/21/1994 00:00:00	xgifa@yjyfv.mvj	2911507232
Карпунин Виктор Петрович	05/29/2008 00:00:00	lpfow@zeqvv.usj	8444691743
Картавенко  Виталий Степанович	08/25/1997 00:00:00	ipcwd@ritin.yxp	8359016955
Катаев Владимир Алексеевич	03/30/2012 00:00:00	qirdp@cifpa.fwz	7109504149
Кендшекулов Игорь Каншубиевич	06/04/2010 00:00:00	wpaez@cotkt.bmn	4566933849
Кириенков Сергей Иванович	03/14/1996 00:00:00	ktvae@dydjf.lun	5930028192
Кичигин Сергей Викторович	12/07/2010 00:00:00	qolvj@mvbbm.qqk	1035467206
Клещев Сергей Владимировч	03/05/1982 00:00:00	zdtrg@iopvn.mfm	7356514389
Клещиков Александр Евгеньевич	03/31/1993 00:00:00	nezrr@jneao.wls	6857488199
Климкина Елена Леонидовна	01/19/2017 00:00:00	qrgxy@fcrjc.dgm	2682334652
Клишкина Надежда Тимофеевна	06/27/1986 00:00:00	qywxl@ylcwo.eja	4459985353
Клышников Виктор Геннадьевич	08/22/1988 00:00:00	iibpq@mumia.kqz	0267902638
Кнор Валентина Николаевна	02/14/1993 00:00:00	qluui@otcyc.oop	3386008368
Ковалев Герасим Людвигович	08/06/2017 00:00:00	mmsgd@pigsa.lkd	8749594545
Ковалев Николай Иванович	07/12/2016 00:00:00	rhjcl@fploa.qih	6365688519
Коваленко Евгений Юрьевич	08/31/2007 00:00:00	gzxqd@hkehb.yaz	7480158345
Коваль Галина Ивановна	12/12/1985 00:00:00	kupyl@wspan.hdc	5541183236
Коврижных Вадим Геннадьевич	08/05/2006 00:00:00	jvatt@syhpt.mmw	5393549566
Коврижных Дмитрий Геннадьевич	07/02/1994 00:00:00	jinrl@tncfb.egc	4198027360
Кожевников Александр Сергеевич	01/25/2013 00:00:00	rxudo@uvlcr.fqk	2055062462
Козлов Александр Петрович	08/18/2011 00:00:00	gpfqo@whygt.hvt	6593360597
Андросов Сергей Григорьевич	05/03/1985 00:00:00	srvor@qtjqz.qno	3125879814
Будников Максим Александрович	04/17/2017 00:00:00	iwydi@xuqsi.vmz	7353546811
Ядрычева Екатерина Викторовна	01/20/2012 00:00:00	apecb@fwzxp.gnr	7444839178
Мандрыкин Владимир Григор	05/05/1998 00:00:00	enggk@kmlpf.txo	1873839872
Кузнецов Владимир Викторович	04/01/2008 00:00:00	qwvdz@vmeyh.sao	8945416398
Бедак  Юрий Анатольевич	04/12/1996 00:00:00	yhqcz@cvvzm.hpj	5246107681
Шильненкова Зануфа Вальмухаметовна	10/21/1994 00:00:00	gykku@ntays.aww	3740147522
Бушуева Марина Витальевна	07/13/2005 00:00:00	qwixo@ohdfc.dke	5703243837
Пришвина Анна Вадимовна	07/10/1986 00:00:00	kewqy@redpy.sun	4524657779
Нигматулина Эмма Александровна	12/20/2003 00:00:00	pxjce@mcyig.ext	6934095447
Найман Нина Георгиевна	11/08/1983 00:00:00	epsbz@sioys.fgs	5596593535
Селиков Алексей Иванович	09/30/1995 00:00:00	vnohb@tudmd.dfm	4402962154
Марочкин Алексей Дмитриевич	08/06/2006 00:00:00	fuxbj@blbgu.bxn	4428157163
Найман Евгения Алексеевна	10/03/2014 00:00:00	coekt@kwdih.cin	1641008445
Фуркаленко Олеся Владимировна	03/15/1986 00:00:00	yrwsv@cquhp.kvn	1676467640
Бушуевиванфедорович	08/24/2009 00:00:00	xderl@rbtyr.agt	8600747713
Бакулин Анатолий Александрович	06/01/2014 00:00:00	ehmik@lusyn.ozp	6411284149
Риманов Виктор Михайлович	08/12/1984 00:00:00	wvzkp@adqju.uak	9362190719
Михальский Виталий Юрьевич	08/13/1999 00:00:00	cjqnj@oxqdr.jpm	4017882176
Голубев Виктор Алексеевич	12/14/2006 00:00:00	aetpo@ggker.xxa	9470416303
Дудина Любовь Андреевна	02/01/1981 00:00:00	wgfag@gwzsh.sqi	6933922954
Маркевич Надежда Петровна	04/08/1993 00:00:00	aggbu@tbdiy.vwj	3291271632
Халиман Любовь Анатольевна	09/24/2016 00:00:00	ddedt@tbvlh.tft	0102613657
Балина Галина Петровна	09/18/2011 00:00:00	oadxc@yfjws.zcy	6624213561
Комарова Светлана Адамовна	10/13/2011 00:00:00	nzzfm@nmzpp.kpd	6899298478
Дзех Зинаида Васильевна	12/16/1999 00:00:00	gloks@coeey.wpy	1778373550
Яблонская Валентина Иванов	02/14/1985 00:00:00	nqpif@drtqs.cst	9178042620
Гаврилов Сергей Михайлович	03/29/2006 00:00:00	wvenb@nukjs.lbt	1730412884
Балабина Лидия Александровна	07/23/1999 00:00:00	zutpw@ibiih.psm	0552837038
Пономарев Сергей Владимиро	06/03/1994 00:00:00	jqcsk@tmaeb.ket	3990330714
Журавлев Сергей Васильевич	03/25/1993 00:00:00	hglxz@jockr.xjz	7665824608
Калашник Александр Иванович	06/04/1981 00:00:00	vhhyf@kqgcf.gul	9856699589
Аввясова Вера Ивановна	04/13/1997 00:00:00	yemqv@gnttf.kpq	6436748179
Корякин Владимир Панфеевич	10/28/2002 00:00:00	ettip@vscja.iju	7789545503
Дынникова Галина Васильевна	01/18/1989 00:00:00	fvfgh@fcatf.eix	0999010633
Серепенкова Варвара Михайловна	11/08/2008 00:00:00	rqxzl@htfkc.knm	4548205163
Клименков Анатолий Васильевич	05/02/2003 00:00:00	xscqn@mmasx.nnq	3267097245
Ротэряну Михаил Григорьевич	11/25/1993 00:00:00	knjpf@upseb.fag	3617906698
Носкова Анна Евгеньевна	03/05/1982 00:00:00	xbqoh@oewek.erd	1822113443
Кривченко Майя Николаевна	08/29/2017 00:00:00	aibvf@vevyl.qmo	6231920506
Баженов Евгений Валентинов	02/16/1996 00:00:00	naxrw@olpkm.rpg	2790052246
Кондратюк Григорий Арсентьевич	05/20/1994 00:00:00	hqavz@jgjux.rnu	2132482999
Болгов Николай Васильевич	09/21/1986 00:00:00	zclbe@bawkb.iqb	8742118656
Ломакин Юрий Николаевич	01/30/1993 00:00:00	yqxri@tkgsj.qbs	5303702446
Димов Александр Геннадьеви	08/20/1982 00:00:00	bmnao@bxail.knk	2361976237
Новигихин Константин Петро	08/20/2010 00:00:00	axycu@cqhfl.zvf	8782833620
Вилков Николай Федорович	04/07/2004 00:00:00	xuycy@hrvjr.smc	6909612034
Марочкин Виктор  Иванович	11/03/1982 00:00:00	ewkeo@uybet.xai	8069566153
Приходько Василий Филипови	04/29/2010 00:00:00	qfhtk@qlbzn.juf	5110465716
Зимин Анатолий Николаевич	10/04/2015 00:00:00	qfxze@slugq.nty	2054769490
Бедак Лидия Федоровна	04/08/1989 00:00:00	uewkp@eoaql.orn	5623571177
Бузань Владимир Иванович	12/24/2001 00:00:00	evzxe@tbgdr.dcv	3385768236
Проскурнина Галина Анатольевна	08/15/2012 00:00:00	ozumi@ktvyc.jso	6232524944
Черножуков Николай Алексан	02/12/1986 00:00:00	vzaqd@knvnu.flx	4378481046
Бушуев Александр Иванович	07/17/2010 00:00:00	tgiik@icyqd.oym	2754428931
Писарев Александр Анатольевич	10/22/2009 00:00:00	jzywj@acgkj.jhk	8015485234
Привалова Лариса Павловна	07/23/1980 00:00:00	vlbvm@suqsk.bzj	4469581610
Гришина Елена Олеговна	05/04/1980 00:00:00	jtiis@kbuwa.ndl	3265676838
Иванов Александр Валерьевич	04/18/2004 00:00:00	sqbtx@akewr.krb	1302661983
Киселев Николай Николаевич	04/17/1988 00:00:00	ajtxj@nxleb.ypr	6617486406
Мельник Валентина Федоровна	02/26/1991 00:00:00	dndpm@agdww.iaj	1106922615
Проценко Анастасия Евгеньевна	04/21/2006 00:00:00	sjomw@sdfxa.tpk	2944990736
Орехов Геннадий Иванович	12/21/1985 00:00:00	haqme@retaa.ylf	9534763065
Бобинова Галина Васильевна	11/03/2009 00:00:00	ttsov@isbui.tgl	2295727548
Залесский Александр Михайлович	09/27/1990 00:00:00	tmvon@ibzqs.lws	4134391146
Шагдаров Булат Баторович	06/06/1982 00:00:00	ddete@rtwai.yzb	9717731503
Коваленко Сергей Владимирович	03/14/2016 00:00:00	omjjv@lqhth.vsl	3693884575
Храпатый Евгений Тимофеевич	10/09/1983 00:00:00	bkrcf@kticc.tqg	7394301622
Войчук Олег Васильевич	09/15/2005 00:00:00	ivdvb@htquu.ziz	1348997667
Силантьева Мария Юрьевна	01/31/1995 00:00:00	jdzxk@bnpuv.djg	0570349824
Купченко Петр Леонидович	04/24/1986 00:00:00	jvcye@ftmqp.cts	0335211487
Шеин Николай Георгиевич	07/06/2000 00:00:00	bihgx@ketxc.qpc	3033035713
Азимов Фарход Исамидинович	06/10/1982 00:00:00	vqrax@rrban.baq	8980482604
Чумаков Алексей Николаевич	09/11/1999 00:00:00	hbmxv@dcizx.zmp	2320206002
Пядочкина Галина Константиновна	10/28/1990 00:00:00	lmkeh@bxyrt.ekz	4789910164
Зеленская Марина Александровна	06/11/2004 00:00:00	jrsdu@zqljg.tak	4982093747
Харченко Виталий Анатольевич	07/18/1986 00:00:00	kwhkc@sxyev.cbn	5919028124
Дымченко Игорь Игоревич	08/26/2003 00:00:00	jlzcy@zdiry.wih	4657426233
Ремешевский Петр Петрович	01/28/2009 00:00:00	lgizb@hkppf.lyz	1699044162
Коваль Евгений Валентинович	02/23/1981 00:00:00	qqino@jwpfb.bnv	5900232185
Кулагина Елена Владимировна	06/06/2013 00:00:00	qjcli@psxfu.asj	7782762886
Воробьев Николай Викторович	04/13/1982 00:00:00	vkzzl@dujdt.crd	4950518788
Драчева Лилия Николаевна	08/26/2013 00:00:00	qigkd@onrqt.thb	3627448920
Журба Татьяна Константиновна	07/15/2001 00:00:00	qkhep@staxa.niq	2768604931
Комиссаренко Нина Николаевна	02/24/1985 00:00:00	wekgk@lhyxj.hqz	8399978250
Семилет Сергей Павлович	12/26/2008 00:00:00	zbatq@gwvcg.gka	1436506935
Семилуцкая Татьяна Николаевна	07/16/1986 00:00:00	tulrd@ngnxi.dlf	3666051374
Андреев Алексей Михайлович	03/02/1991 00:00:00	jtnoc@gexbp.lgy	1573863087
Кудина Людмила Никифоровна	01/08/2010 00:00:00	fzyyl@okefa.jcy	6912740871
Темнюк Игорь Дмитриевич	12/24/1996 00:00:00	smcif@hskjm.ahp	1373642250
Кашкаров Александр Алексеевич	04/18/2008 00:00:00	qcjtk@pquxl.wgl	3218560693
Цифутина Анна Павловна	12/29/2002 00:00:00	izyzc@kknxd.kmg	8527761879
Серёдкин Василий Дмитриевич	05/05/2007 00:00:00	wkdmo@tppls.sat	4653599108
Максименко Светлана Владимировна	08/14/2011 00:00:00	ziigw@hyvnp.bbp	9987359758
Коновалова Евгения Валентиновна	07/04/2006 00:00:00	uvedi@pxtuw.odd	2472581463
Павличенко Нина Григорьевна	07/25/2007 00:00:00	aplqd@rpbcl.nnk	6162682208
Шкап Дмитрий Витальевич	05/29/1988 00:00:00	uqhpg@mxikc.len	8970174667
Ташлыков Николай Сергеевич	08/15/1994 00:00:00	cacxq@opkea.uqa	8035111395
Яблонская Галина Сергеевна	05/06/1982 00:00:00	qtgwt@clnde.xfo	1527862172
Шачнева Нина Андреевна	03/16/1980 00:00:00	yyawf@ipnic.nme	3683746416
Готвянский Дмитрий Михайлович	03/04/2012 00:00:00	neaxi@irsjx.niy	7222565106
Пономарева Анна Витальевна	06/29/2000 00:00:00	kwczj@orcsv.ims	1322631560
Талалай Виктор Аврамович	11/15/1994 00:00:00	tcdng@dvomm.npa	2331687462
Ковжун Павел Викторович	03/29/1995 00:00:00	navgl@xuxcu.vjx	2049828015
Семилуцкая Любовь Викторовна	06/12/2009 00:00:00	jbwie@luvod.vqm	4846754828
Хохлова Ирина Геннадьевна	06/29/2006 00:00:00	lcdgw@xfugi.kmf	5564392206
Белоногов Олег Георгиевич	07/17/1999 00:00:00	oacmp@dmuud.ekf	0199335309
Хомутова Елена Борисовна	12/05/1992 00:00:00	qvccc@cwyqk.mpg	7466756301
Гарцева Мария Петровна	01/11/2013 00:00:00	jphka@xxmhm.blr	5037915074
Мартынов Евгений Евгеньевич	02/04/1986 00:00:00	yemtq@uukqp.qsm	8680791113
Дроздов Анатолий Павлович	04/06/2003 00:00:00	ucqkv@tcmep.fif	5126504808
Фрига Анна Александровна	08/25/1994 00:00:00	opabd@vcphu.wsq	0496514124
Щедров Евгений Владимирович	12/31/1988 00:00:00	mhwlg@rbumt.hbv	8696009538
Бараховская Наталия Андреевна	02/24/2003 00:00:00	nggoj@wsnrh.cou	2389203939
Кравцов Николай Александрович	08/08/1992 00:00:00	peaol@kcjzc.ljf	9169726772
Куклина Ирина Николаевна	11/14/1988 00:00:00	xrhgc@rnaxe.gqk	3221591439
Бабуцкий Руслан Валерьевич	05/22/2010 00:00:00	evvpc@ostgw.xdx	1107405193
Гемма Александр Владимирович	03/04/2002 00:00:00	shpnc@avpuo.tdk	2044139742
Исакова Людмила Петровна	09/09/2004 00:00:00	kdyof@rkutf.nch	4057421510
Пушкин Андрей Александрович	06/28/1999 00:00:00	usqap@juzof.bfj	1469370981
Шендерук Надежда Сергеевна	08/17/2013 00:00:00	uykpr@onkrh.ddv	5674929822
Фартусова Наталья Вячеславовна	01/12/2005 00:00:00	rkgvj@sucbx.owb	2714083920
Богданова Елена Егоровна	06/28/1991 00:00:00	qagpj@csyho.rse	4716810227
Лапшакова Ольга Викторовна	09/22/1988 00:00:00	qpquv@wbvik.kqu	1140392245
Мукалин Евгений Геннадьевич	07/11/2004 00:00:00	psrxe@nufuj.ipa	7290273277
Харченко Виталий Иванович	01/20/2001 00:00:00	yaomd@shbkf.bbc	1983526245
Тушов Валерий Павлович	11/28/2010 00:00:00	cstlw@zocfv.ysw	6064539396
Карпенко Марина Владимировна	07/23/1988 00:00:00	fudkk@tcenm.nlu	4240818214
Гридасов Юрий Григорьевич	12/05/2010 00:00:00	cghys@cyoce.anr	7513164231
Фомина Маргарита Владимировна	12/31/2000 00:00:00	gffcg@bgclb.jbd	1830594278
Гребенюк Леонид Михайлович	01/13/1996 00:00:00	prmsu@sptet.cas	4065806436
Каюков Александр Иосифович	08/30/2009 00:00:00	mantp@vixxn.ipk	7343831201
Игнатьева  Марина Александровна	04/21/2001 00:00:00	cxbwk@pfdlh.azs	2999881538
Самойленко Евгения Андреевна	11/14/2008 00:00:00	qxfjr@uddkl.xlw	5993649237
Попова Галина Семеновна	09/17/1986 00:00:00	pfkvl@ilwps.akz	2153216588
Духанина Валентина Александровна	12/07/1992 00:00:00	dlyyn@mcmpg.dpe	2977953781
Ларкина Марина Васильевна	02/23/2005 00:00:00	zsdeb@qdufu.khk	4393524185
Степаненко Ирина Павловна	05/30/1998 00:00:00	aglpj@rznbh.iyf	3308448870
Симонец Павел Тимофеевич	10/30/2009 00:00:00	ogkzg@unkzd.ccy	6070223905
Език Татьяна Ивановна	05/24/1996 00:00:00	eoalj@zryug.fwj	9677583812
Васильева Зинаида Ивановна	06/12/1989 00:00:00	klvsk@qolam.sgl	2314213877
Ларина Татьяна Сергеевна	05/07/2011 00:00:00	rtkmo@uctsb.hqa	5223281467
Хохлов Валерий Юрьевич	11/16/1995 00:00:00	gojjl@bqukr.rdz	9196979115
Зубрицкая Зухра Рахмановна	12/04/2003 00:00:00	iqfzx@cbnib.ady	2466028933
Юшкова Анна Александровна	06/16/2011 00:00:00	hidge@hrroc.yat	2076313198
Ануфриева Тамара Васильевна	08/24/1993 00:00:00	ftffa@xyiqa.fxr	7882634092
Шаповалова Людмила Захаровна	12/29/1993 00:00:00	rlqjo@mvyhi.lxn	9067673053
Порошина Елена Владимировна	03/11/1984 00:00:00	jzwmw@tsmug.oou	3538809528
Сиянович Игорь Борисович	01/06/1999 00:00:00	iyfzq@whqfd.dhj	6992586694
Чикунова Анна Николаевна	08/19/1997 00:00:00	hgffy@nyptd.dno	6706553461
Трапезникова Лариса Александровна	11/29/2014 00:00:00	ervwv@jsoej.nyt	3631254121
Шабельникова Наталья Анатольевна	12/22/2003 00:00:00	lgmmh@ecqzq.dbn	1612059107
Батишева Наталья Викторовна	09/02/2007 00:00:00	asydl@cxgax.nkq	3843075263
Кисилёва Зинаида Петровна	08/05/2000 00:00:00	cgmdg@jngak.nlu	3065041106
Масликова Лидия Николаевна	04/25/1984 00:00:00	atkpf@xknmk.jvx	9968465019
Козлова Марина  Ураловна	02/20/1987 00:00:00	cdjlf@lwmec.olk	8733580044
Койденко Геннадий Геннадьевич	01/02/1989 00:00:00	cqpko@qnnrx.vim	8410692735
Койденко Геннадий Иннокентьевич	02/23/1986 00:00:00	ovcdh@ydbwr.qgv	6038658555
Коленко Юрий Владимирович	06/14/2008 00:00:00	hnyku@ldest.dap	4525589685
Колесников Георгий Михайлович	05/23/1988 00:00:00	pobhb@oemza.hvq	3536749566
Прудченков Сергей Витальевич	04/28/2013 00:00:00	kwikz@isoxl.yiv	7106521036
Колесников Сергей Васильевич	12/25/1990 00:00:00	wxaee@hdxby.yql	7111243369
Колесова Елена Витальевна	09/28/1999 00:00:00	spnpw@kgnqc.glm	9152758481
Колистратов Павел Александрович	01/12/1992 00:00:00	sjmjc@woxge.yip	6624833512
Колобова Надежда Ивановна	10/19/2007 00:00:00	qfate@rwvov.mug	3016010256
Коломыцын Борис Олегович	05/03/2011 00:00:00	ovplb@bappn.cwd	0132333508
Шевченко Оксана Ивановна	01/31/2011 00:00:00	kylrs@gjezc.pmy	5287528214
Колпаков Юрий Александрович	11/12/1997 00:00:00	ycosx@qyfdl.zen	6423231755
Камбарова Марина Владимировна	06/08/1996 00:00:00	eubpp@uhfpg.lno	1545084093
Комарных Владимир Михайлович	05/28/2017 00:00:00	sfihx@rxbsk.mjx	8033823900
Комбаров Валерий Вячеславович	06/17/2001 00:00:00	wcuuv@bxcpf.kij	2535627107
Дадабаев Юлдаш Иргашевич	12/23/1991 00:00:00	qomtm@ptpmr.cme	1800839155
Лиханова Раиса Сатымова	01/30/2010 00:00:00	rawns@rsizt.idg	3234869628
Коновалов Сергей Васильевич	04/17/1988 00:00:00	ifrpf@xueqd.aut	6008731780
Конфедератов Константин Дмитриевич	01/15/1990 00:00:00	psslv@bopwk.foh	0054156925
Коптелов Виталий Яковлевич	04/12/1982 00:00:00	oujus@ejdcm.fbw	4491051350
Коренев Владимир Александрович	02/27/1989 00:00:00	vzvgx@ydeak.eer	4284421009
Корж Сергей Никитович	04/20/2005 00:00:00	fazfl@plada.sou	9941921663
Коробенков Виталий Алексеевич	01/03/1995 00:00:00	unwgd@rckat.bpg	9765530198
Коровин Андрей Юрьевич	11/17/1990 00:00:00	mxmbc@euxhn.res	6323067873
Королев Виктор Игнатьевич	01/22/1987 00:00:00	rnlgs@phrfv.qkj	6692287057
Королева Татьяна Георгиевна	09/19/2006 00:00:00	bcghb@zngbs.pvn	6803084302
Коротаева Татьяна Николаевна	04/13/2007 00:00:00	zrrbj@mzafd.uke	4226655678
Корсаков Владимир Сергеевич	04/17/1993 00:00:00	dijen@tgbkz.whq	3917063672
Корсун Юрий Алексеевич	10/29/2003 00:00:00	sqaue@utmnf.vot	0342904431
Коршунов Владислав Васильевич	10/19/2009 00:00:00	rvtov@ozjdk.bqn	5902653188
Косицина  Леонора Яковлевна	12/29/1981 00:00:00	ecmpl@kqiwk.njz	4299587163
Костылев Александр Витальевич	09/15/1980 00:00:00	uyixu@txyaw.zol	3959511291
Котельникова Ольга Петровна	07/21/2004 00:00:00	yqbsp@vhcsn.srq	0485945408
Котляр Людмила Николаевна	04/24/2017 00:00:00	tpzzv@famev.ukh	7031772076
Котов Сергей Владимирович	12/06/1983 00:00:00	hmmro@gumry.thd	6848705887
Кочнев Олег Валентинович	01/01/1999 00:00:00	ecnqh@tsuva.xrn	3542331454
Кошкарев Сергей Николаевич	09/12/2007 00:00:00	wrihw@nbewl.tio	0647919229
Кравцова Раиса Низамовна	06/09/2001 00:00:00	icigu@emtgq.rqz	9482780270
Кравчук Татьяна Викторовна	10/23/2000 00:00:00	zlqxq@ehpeq.saf	5220375683
Красноперов Игорь Геннадьевич	03/15/2016 00:00:00	qmgcx@dkfto.bjv	1285904029
Красовский Виктор Никифорович	08/10/1991 00:00:00	giznv@rngjc.bzl	4034749411
Красюк Николай Николаевич	11/04/1983 00:00:00	ldtod@opkjk.mat	9655236271
Крицкий Петр Харитонович	11/11/2013 00:00:00	ukmop@sogob.dnk	0137767593
Кропачев Василий Петрович	02/14/1980 00:00:00	imvex@tdmxs.zzd	6906719963
Кругляк Андрей Радиевич	04/20/2000 00:00:00	gnkxp@xoaow.adc	7565452841
Крутских Андрей Николаевич	11/13/2013 00:00:00	zrsta@ylzms.cpr	4855363015
Крячков Олег Тимофеевич	06/29/2005 00:00:00	xgdcq@oikou.klf	8150185491
Кудрявский Андрей Владимирович	05/07/1999 00:00:00	werxa@wdbaw.dvm	8884135720
Кузнецов Сергей Борисович	11/28/2013 00:00:00	pqkvq@gfocx.chx	9635473510
Кузьмин Алексей Анатольевич	12/07/2002 00:00:00	srgil@ldmjp.dbg	6047730936
Власенко Екатерина Андреевна	08/19/2011 00:00:00	xwuuu@bawmn.ore	3971947678
Бахарев Сергей Павлович	05/17/1999 00:00:00	krmzz@pgbei.bim	6634376569
Томозов Валерий Владимирович	07/21/1990 00:00:00	xcwzf@cmryd.zjc	3002243300
Кузьмин Игорь Павлович	01/14/1982 00:00:00	ldlpz@jydis.tow	1609661142
Бажанов   Игорь Анатольевич	09/20/2015 00:00:00	nbiim@lchpu.akw	7442906637
Цуканов Валерий Иванович	06/11/2001 00:00:00	fyqfm@srzxz.wxo	6046241787
Юрченко Галина Андреевна	11/17/2008 00:00:00	thmek@devpe.hcj	8265981498
Марочкин Владимир Иванович	07/28/1997 00:00:00	ywgni@lgfzk.fwx	0528712725
Черножуков Николай Александрович	05/01/1981 00:00:00	rqlpv@fyshu.lni	1683393719
Валеев Николай Садрентинович	08/09/1986 00:00:00	iqbqa@kgrcs.hox	8849069044
Москаленко Игорь Алексеевич	06/09/2001 00:00:00	edfxt@yuxvn.rdz	7593013805
Шидэнсянлюбовьмихайловна	06/12/1986 00:00:00	szoyz@iagww.dwm	8557374027
Лебедкин Александр Федорович	12/11/2005 00:00:00	wqjbj@xzcre.omx	1075728288
Чуприн Юрий Петрович	09/27/2015 00:00:00	cdvnj@baonm.grh	6263874793
Золотарев Анатолий Дмитриевич	05/05/2009 00:00:00	pitnf@rvllb.uhy	5360660965
Трубаленко Ольга Владимировна	05/17/2010 00:00:00	seidx@ynide.uff	6588608653
Новосельский Геннадий Михайлович	01/18/2011 00:00:00	idzgs@wdwjy.uai	8594976113
Казаченко Виктор Борисович	11/11/1996 00:00:00	eanvt@jxvxf.waz	9774034246
Марченко Виктор Викторович	06/23/2013 00:00:00	fyhup@wwxfe.vuf	2035419848
Черепанов Юрий Петрович	06/17/1982 00:00:00	pzudh@purbu.khx	4539036811
Пинигина Алла Петровна	01/07/2002 00:00:00	mokqu@aenus.bsu	8753447089
Губарь Наталья Петровна	08/23/1988 00:00:00	eyycd@wnwbk.whp	9996825587
Абдалова Геава-Иоанна Лион	03/21/2005 00:00:00	unglz@fikcq.qfs	8906280395
Кокорин Николай Матвеевич	07/29/1991 00:00:00	dqjlv@wtgii.fdo	9456707696
Цуканов Виктор Иванович	05/30/2008 00:00:00	fdtwq@isvkw.acv	6755343947
Спиридонов Николай Борисов	04/25/1985 00:00:00	jcftf@hiewf.zdi	0009648258
Потапова Валентина Владиславовна	03/05/2009 00:00:00	qxxfm@kgput.jku	4555071884
Белов Василий Сергеевич	11/20/1994 00:00:00	llngm@skrnu.gpw	3087661496
Павленко Александр Валерье	04/24/2008 00:00:00	fqjcz@snkyu.llt	9179308558
Лебедев Валерий Павлович	12/06/1990 00:00:00	selhy@nhrbn.tiq	1549933848
Цеунов Николай Валерьевич	03/23/1981 00:00:00	iwqxs@uiccr.try	5459613906
Воронов Юрий Леонидович	12/07/1987 00:00:00	npiyc@wffbg.ick	3558746684
Дерксен Виктор Иванович	02/13/1997 00:00:00	rxnkm@rscyh.fch	3822946464
Храмов Александр Владимиро	11/21/1980 00:00:00	aghbg@qnjar.dqb	5475313812
Литус Виктор Анатольевич	11/28/2015 00:00:00	hfanf@teebb.mme	1544491417
Сазонов Юрий Иванович	05/10/2000 00:00:00	vrtfy@ifgpv.aaw	2136850650
Панкрац Александр Яковлевич	11/23/2007 00:00:00	hnyxs@zxaud.mfw	4528888611
Бык Андрей Николаевич	07/08/2002 00:00:00	sgich@iyccg.omr	9452782830
Сасу Георгий Михайлович	08/04/1981 00:00:00	gwcqr@gurle.jgr	3866803929
Баранова Елена Геннадьевна	03/23/2000 00:00:00	wflin@evwhi.gcg	1628351337
Юрченко Анатолий Ивановичч	11/10/2007 00:00:00	tdkce@lvabz.wgk	2925520842
Скворцова Нина Николаевна	02/15/1990 00:00:00	plzof@bjdro.mre	1064431039
Коновалов Юрий Анатольевич	02/08/2000 00:00:00	hbwab@oagwi.wur	1869681695
Гришин Виктор Петрович	03/17/1994 00:00:00	uemxv@qofff.nsm	3026636333
Елизова Вера Николаевна	10/07/1994 00:00:00	knovk@ngefi.ncw	6616316514
Лазебная Антонида Владимировна	02/27/1985 00:00:00	jhxjg@okiel.vbk	2716903392
Воробьев Иван Никитович	08/21/1995 00:00:00	erzmr@hgrth.bfo	4106893605
Лысенко Нина Якимовна	11/12/2015 00:00:00	fxvdk@rnvbk.ats	2070970730
Хижняк Юлия Ивановна	07/07/1988 00:00:00	fsoyk@mkqpd.dto	8189249857
Никулин Александр Ильич	09/01/2007 00:00:00	ltodz@kwytw.vql	8713674655
Мыцких Наталья Анатольевна	10/26/1982 00:00:00	nwwcu@wiihr.zdf	8342713872
Воронова Света Николаевна	08/17/1988 00:00:00	szgcc@iacbw.gag	0310455947
Кондрикова Валентина Юрьевна	08/11/2003 00:00:00	ngzgo@slequ.qed	5720259298
Храмцова Лидия Кузьминична	06/13/2011 00:00:00	cixqd@ziehg.fsw	1043676269
Гурьев Павел Вячеславович	11/30/1980 00:00:00	dphfn@ijomo.kxy	6132263997
Манасян Артур Левонович	12/27/2002 00:00:00	ycyuf@hnjpl.kta	8788967142
Календа Вячеслав Николаевич	11/22/2011 00:00:00	duhhm@iphzf.uic	5512928459
Лабунец Владимир Александрович	09/19/2016 00:00:00	bmllu@kgfqn.wua	9000914524
Халявкина Александра Валентиновна	05/13/1991 00:00:00	rgitk@typuq.wfu	0888701827
Антонова Ольга Александровна	05/27/2010 00:00:00	nghye@whcjv.zue	4684690116
Судаков Константин Геннадьевич	01/02/2010 00:00:00	fzdeh@rncrl.mvm	1877454382
Тумашов Вадим Леонидович	12/28/1993 00:00:00	rjfwp@lydpj.oby	0604873376
Шестопалов Сергей Александрович	12/30/2006 00:00:00	etpye@qqqhk.slu	0896728490
Филиппов Георгий Емельянович	02/21/2008 00:00:00	xsbmc@prmxz.sbd	0575972625
Рой Николай Прокопьевич	05/19/1985 00:00:00	wyqzc@pbvef.rsg	1150697409
Мавровская Людмила Федоровна	07/03/1993 00:00:00	rxdzt@ytrkr.den	4658815843
Быковский Владимир Ильич	01/24/2007 00:00:00	hrjkr@qtlcu.zyb	9628452009
Басова Елена Владимировна	01/20/2005 00:00:00	qckbb@yiodf.pwh	3500620455
Сметанина Елена Владимировна	07/27/2017 00:00:00	opgoh@dhehe.tth	2565728741
Абалаков Евгений Дмитриевич	12/25/1988 00:00:00	ixiio@qvbnc.pvm	7304803656
Беседина Светлана Николаевна	06/25/1982 00:00:00	gvlyr@gesub.myr	9775412664
Шалагинова Наталья Александровна	07/12/1988 00:00:00	cxeuv@zrelt.gbn	1618338798
Гуломов Нодирбек Хикмуддин Угли	04/09/1995 00:00:00	sbqdn@voiao.kjb	5437180148
Самофалова Анна Юрьевна	04/02/1993 00:00:00	hqwih@wgwrc.bls	1813942517
Пушкарев Николай Михайлович	05/03/1992 00:00:00	qpjaq@sxzrh.ein	6524767290
Малофеев Юрий Иванович	11/23/1991 00:00:00	tdyzo@ctfje.wgs	9851714158
Хлапов Денис Сергеевич	04/11/2006 00:00:00	hlvqa@lvknq.npw	7738908164
Брюханов Игорь Иванович	01/05/1991 00:00:00	vjoen@ydoxg.hqo	7477573512
Марченко Светлана Владимировна	07/19/2014 00:00:00	awmlg@mcsrp.aag	4234306350
Щёкин Константин Анатольевич	04/02/2003 00:00:00	dqjfi@glivq.boi	0580856057
Даниленко Леонид Дмитриевич	06/02/2007 00:00:00	ghmgh@ymnyl.uiu	8274221318
Белошапкин Серго Иванович	01/18/2011 00:00:00	ygyna@vvybp.xdx	8013301157
Коршаков Егор Александрович	05/15/1986 00:00:00	szubc@ktjib.knz	3447157787
Осечкин Дмитрий Вячеславович	08/24/1980 00:00:00	jwlcy@vhaul.ofn	2775325053
Белогуб Александр Андреевич	02/11/1988 00:00:00	auxwk@apuav.gke	6385006041
Четырина Людмила Александровна	05/02/2010 00:00:00	xgykz@lmisw.nlh	0989165328
Исаева Галина Анатольевна	01/23/2002 00:00:00	pbems@maxgo.qzq	4653555562
Микутин Виктор Григорьевич	05/30/2003 00:00:00	bvpfb@llxuq.kji	8978692860
Дьяченко Ирина Кузьминична	09/17/2017 00:00:00	hkjph@zvthy.vdr	0394868321
Березенцева Жанна Сергеевна	12/02/1992 00:00:00	hukus@wokjj.viu	6819981456
Головко Татьяна Алексеевна	03/15/2006 00:00:00	hrnsn@mgwqb.hbu	8218754787
Гунин Иван Юрьевич	11/30/2008 00:00:00	ngpqs@wmcru.ccc	1109151246
Тихонов Николай Степанович	02/26/1991 00:00:00	bhrwa@kwbxl.xzm	9859196267
Калинина Мария Тимофеевна	12/04/1988 00:00:00	dxtsq@jgrob.qoi	0946872622
Мирошниченко Андрей Анатольевич	12/16/2007 00:00:00	rdcpn@agwjj.noy	2626673983
Энгель Елизавета Владимировна	11/13/1993 00:00:00	nnash@uomcx.sbo	5776212274
Бочинский Геннадий Михайлович	11/12/2000 00:00:00	bezob@pxwgv.upb	5290884622
Магеррамов Амаладдин Магомед Оглы	09/14/2009 00:00:00	dsxxc@buods.byo	2258104279
Трушкин Владимир Борисович	10/29/1988 00:00:00	sfkid@lijuv.zwv	1688426805
Тимофеева Марина Геннадьевна	04/05/1981 00:00:00	sruha@gquzi.ufr	6760732154
Белозеров Николай Иванович	11/01/1995 00:00:00	ljfkf@zydcr.qrq	3131109509
Рублевский Василий Николаевич	04/27/2008 00:00:00	accve@wnumd.hjy	8847016500
Прокошин Виктор Иванович	01/13/2016 00:00:00	ciymg@cbpwk.leh	0172581539
Строкатова Елизавета Петровна	04/08/2017 00:00:00	gngtg@yiikz.can	2327454946
Мишина Валентина Ахматзиевна	03/09/2005 00:00:00	pirgy@dqwnt.jsy	0376500210
Вологжанин Александр Георгиевич	01/10/2012 00:00:00	qnwif@uzxzt.xrk	6742715215
Базарова Арюна Васильевна	02/05/2011 00:00:00	lgjpx@xxkkk.gas	0740583903
Рычков Геннадий Дмитриевич	05/11/1990 00:00:00	xfycv@hcqwm.akc	8100035215
Анайкина Кристина Александровна	02/09/1999 00:00:00	zikib@bktpl.xlk	9700373576
Ульмаскулов Эрик Анварович	10/04/2006 00:00:00	spxlv@hpnct.qyt	4905474913
Ганцгорн Владимир Викторович	06/13/2014 00:00:00	tcfbh@fmubg.sss	1554998770
Барсуков Павел Алексеевич	11/17/2000 00:00:00	aqchf@yuhrn.fej	5233595707
Бокин Ефим Александрович	03/03/1982 00:00:00	gwzwg@lbjry.cfk	1938290159
Артамонова Марина Валерьевна	11/07/2005 00:00:00	gagsq@ftfiz.xwl	2058515223
Савченко Владимир Александрович	12/26/1982 00:00:00	vdkhd@itant.wtw	9741977252
Разанцвей Валентина Петровна	09/10/2016 00:00:00	lctrc@lazuz.plo	2968593154
Дьяченко Олег Владимирович	08/15/1987 00:00:00	fpddz@pmmei.wyf	3665470725
Синявский Михаил Никитович	05/08/2006 00:00:00	effiw@fhdex.pnc	9203354172
Кухта Андрей Викторович	01/10/2000 00:00:00	tgfyj@wjmsz.ayx	7252816058
Трусова Наталья Алексеевна	10/13/1992 00:00:00	pqhlj@tgulm.ylb	6292838500
Степанов Егор Юрьевич	03/06/2009 00:00:00	jgcsf@oxafe.kph	0497415493
Бухановская Людмила Елисеевна	08/27/1983 00:00:00	fxayy@wrrhn.pye	2002547260
Аманкулов Рахим Мизрабович	01/29/2005 00:00:00	yxvvr@ljlok.yxu	2691541071
Рыбалко Николай Николаевич	08/25/2004 00:00:00	gssly@cagbn.vba	1002900523
Калмыков Борис Владимирович	07/09/2000 00:00:00	gvpoh@duozg.tpc	9043518391
Староватов Алексей Николаевич	04/22/1991 00:00:00	pwcog@earpz.jmp	3571298825
Сапрыкина Татьяна Владимировна	02/11/2015 00:00:00	ybfnr@mkjyh.szs	1553951674
Сычева Татьяна Юрьевна	05/06/1986 00:00:00	kbwva@pkchi.ien	0631154183
Лисовой Сергей Иванович	01/12/2003 00:00:00	vnntp@wgcxe.oum	8637514630
Ульянич Надежда Николаевна	03/17/2016 00:00:00	cmtrj@zajhn.qai	5882023092
Луценко Валентина Петровна	10/06/2008 00:00:00	dmovv@wamum.nkg	8181982288
Лихолит Лидия Георгиевна	04/23/2014 00:00:00	iwxsx@jjzad.gpe	8114208570
Семисал Александр Александрович	03/09/1982 00:00:00	qzbec@mesyh.qgy	9111345292
Матвиенко Любовь Станиславовна	04/14/2013 00:00:00	abzsj@zgzhn.ugt	8124843255
Брусова Галина Филипповна	06/02/1987 00:00:00	fgiex@mbhvr.sbd	1787633716
Ошаров Сергей Капитонович	11/01/2016 00:00:00	lgyda@rvqzm.ltl	0735229608
Дроздова Тамара Михаловна	10/02/2012 00:00:00	bdsas@qzfxc.pxx	9305907563
Быкова Тамара Евграфовна	11/03/1986 00:00:00	iuyiv@clebk.kxz	2610025681
Вшивков Артем Сергеевич	03/13/1993 00:00:00	wldfr@zphgj.sjf	7310495450
Безбабный Александр Николаевич	10/28/1993 00:00:00	jtxwa@sicsm.rbx	6971411529
Бирюкова Галина Михайловна	12/22/2016 00:00:00	mjrwe@dtiqj.kul	7155920956
Руди Наталья Емельяновна	09/15/1991 00:00:00	lmers@bjinc.vlm	3819910659
Широкова Татьяна Николаевна	04/20/1984 00:00:00	mabwo@gggay.rgk	9402208662
Черняева Анастасия Викторовна	12/14/1990 00:00:00	qgsuh@aumzy.osq	6170288580
Матвиенко Станислав Иванович	03/17/1996 00:00:00	ldnyw@urqgw.tkq	8492246382
Ульянич Александр Васильевич	04/28/1985 00:00:00	vjcmy@qvvuv.egq	7096323882
Воронова Любовь Романовна	09/29/2006 00:00:00	oxrhq@obdtq.wrp	7279409546
Малькова Зинаида Петровна	01/15/2003 00:00:00	ufdiu@iamky.doo	2312773670
Андрейченко-Митр Елена  Юрьевна	12/10/1985 00:00:00	ndkqh@xvxrb.hwc	4227714742
Соколов Владимир Александрович	12/31/2008 00:00:00	slqfu@gwcaa.cqe	3775604424
Реброва Анна Романовна	03/31/1986 00:00:00	hsbmy@qliib.yse	6706792898
Пушкин Вадим Иванович	04/03/2012 00:00:00	axbap@wszsk.ajm	7794577526
Пушкина Людмила Акимовна	09/04/1989 00:00:00	nbwoj@rmapi.wao	8684602212
Куимов Эдуард Геннадьевич	10/12/2013 00:00:00	fhxvo@rcfgu.gny	7233233067
Кукушкин Дмитрий Анатольевич	10/27/1989 00:00:00	fcusg@dnzji.uqh	4893516233
Кульчановская Анна Тимофеевна	03/06/1992 00:00:00	rcegt@awugp.oss	7980788111
Куприянов Сергей Владимирович	03/29/1983 00:00:00	aylhb@wyznx.tcq	0879555077
Куржумов Александр Александрович	05/20/1991 00:00:00	dejrb@xkldn.aei	3789360796
Куркова Валентина Ивановна	09/30/1996 00:00:00	itfyv@jrqbh.fhd	6180046568
Курманаев Сергей Анатольевич	11/18/1993 00:00:00	nmfrp@fkrye.nby	8950489910
Куць Ирина Ивановна	08/25/2014 00:00:00	qdtln@yhics.wrm	6604662066
Кучеров Виктор Иванович	10/02/2004 00:00:00	gaenk@dsrzk.lpo	8787684302
Кучков Владимир Александрович	01/23/2005 00:00:00	lzkkm@hhwya.mnk	3491308209
Лазукин Александр Степанович	08/21/2000 00:00:00	dgptx@pgeie.vsn	0723754502
Лазукин Валерий Александрович	09/24/2015 00:00:00	knhtr@bhfyj.zhd	8532781356
Ланкин Евгений Вячеславович	02/21/1980 00:00:00	xxleq@etokb.yff	6851098357
Ланкин Константин Витальевич	09/10/1998 00:00:00	pivhg@utwyu.wjv	2860185216
Ларин Сергей Иванович	08/16/1986 00:00:00	iukdr@dksij.evv	8857610432
Лебедок Ирина Владимировна	06/07/1998 00:00:00	aihkx@rnznl.snn	8607505964
Левин Александр Борисович	11/21/1983 00:00:00	bvera@yadfy.ojv	3740746312
Левчук Валерий Николаевич	12/09/1983 00:00:00	jreol@njugj.xgo	7050524594
Лелин Геннадий Савельевич	10/12/1980 00:00:00	vszab@upabx.ova	8356813991
Лемешко Владимир Петрович	02/24/1993 00:00:00	ftagj@dcqsk.ejw	4530638309
Леонтьев Анатолий Геннадьевич	03/15/1986 00:00:00	zrryr@qkqmw.oug	0528928484
Лепехин Александр Валентинович	07/19/1993 00:00:00	nccoe@rrcve.wbp	7140376436
Лепехина Эльвира Викторовна	06/22/1997 00:00:00	ghmll@xbfmd.edv	5029877639
Лесик Галина Ивановна	02/02/2017 00:00:00	ymsng@mqeaf.kwg	6221793945
Липкин Александр Федорович	02/15/1994 00:00:00	ixycw@vspcw.hoy	7387891946
Литвиненко Сергей Александрович	06/09/1988 00:00:00	vorqo@zqzbn.xjp	3473363991
Литвинов Владимир Васильевич	03/13/1995 00:00:00	imvxg@ozgrx.fcn	1216482003
Литус Леонид Федорович	04/19/2002 00:00:00	unhbo@vhdsw.ljd	7034022442
Лихтина Ирина Николаевна	01/28/1992 00:00:00	wpdfa@vdsch.daj	9544375208
Лобач Андрей Андреевич	05/26/1980 00:00:00	cjncl@dtuxj.ill	4622513097
Лозин Александр Сергеевич	10/08/2011 00:00:00	skyqv@wsxau.ubv	4765342605
Ломакин Святослав Георгиевич	12/18/2009 00:00:00	bzubl@ybtsc.qvs	5499143663
Лоншаков Олег Геннадьевич	04/01/2014 00:00:00	uuoxp@zqtcq.wwr	0829900926
Лочилов Сергей Павлович	08/18/2004 00:00:00	aeblo@aftxk.qah	9047135286
Лошкарев Александр Владимирович	02/22/1986 00:00:00	vwdym@jppko.ens	5507889400
Луговцова Октябрина Георгиевна	06/19/2003 00:00:00	niymf@yqrlf.ngo	4073272413
Лукьянчук Андрей Анатольевич	12/22/2012 00:00:00	izhbp@riwfv.vpp	5836887312
Ляшенко Сергей Викторович	08/05/2013 00:00:00	yqqen@rrvpk.zpn	9800133478
Магницкий Юрий Георгиевич	05/15/2001 00:00:00	memxd@kokbe.rik	9482592169
Мазлов Виктор Валентинович	10/31/2007 00:00:00	kkuuw@pzwwf.uea	0754009486
Макаренко Виктор Брониславович	01/19/2017 00:00:00	mbnhd@ulmrv.fcm	3677038167
Макаров Владимир Дмитриевич	11/29/1996 00:00:00	mulao@fetno.uhs	3380471389
Македон Андрей Николаевич	03/22/1992 00:00:00	heuif@vdznw.hbn	6782406560
Максимов Андрей Владимирович	05/18/2004 00:00:00	xkmff@kjmkr.wew	7899352442
Малахов Алексей Ефимович	05/27/2001 00:00:00	ueinl@qgdkp.cxy	7695138365
Малыхина Наталья Владимировна	12/16/1992 00:00:00	xdkoe@hylrm.dra	8898154578
Малышев Альберт Васильевич	01/26/1996 00:00:00	xfgma@cbowd.qlk	0008414480
Мальцев Анатолий Николаевич	05/15/2004 00:00:00	qbrgn@sveyd.hmj	9893692534
Мальцев Владимир Иванович	02/14/2000 00:00:00	mwtbr@alilc.dqk	3858096315
Мамаева Елена Дмитриевна	08/09/1984 00:00:00	tebou@vmpng.qfk	7611588422
Мамбиталин Олег Фатыхович	01/19/1982 00:00:00	koncc@fprdj.hax	6464956371
Маринин Владимир Васильевич	01/23/2005 00:00:00	kuewu@emhdn.xrz	2733955817
Ненартович Наталия Макаровна	06/18/1985 00:00:00	tnswi@xxpwp.kdi	9385601499
Буянова Людмила Мифодьевна	02/07/1999 00:00:00	lltod@rvhhh.akj	0313290051
Тулышева Маргарита Леонидовна	06/23/1983 00:00:00	llbdb@wuzgu.nhk	5379031825
Рубан Юлия Викторовна	03/26/2000 00:00:00	ytems@xozxw.hid	0574537687
Селезнева Ольга Владимировна	01/31/2010 00:00:00	xoblz@ztlhe.ycj	8300686312
Яшувов Исматупла Забитович	10/29/1992 00:00:00	fskhx@pmmxd.zgy	6459140119
Серепенкова Елена Михайловна	11/07/2006 00:00:00	dwalh@cvgju.hwt	5688760936
Харченко Сергей Петрович	12/10/1982 00:00:00	lkpcv@lzccz.shk	8123086468
Макейник Алексей Егорович	07/20/1981 00:00:00	sbiip@fmeat.gob	6997462802
Колесникова Светлана Азизовна	04/28/2009 00:00:00	gzrph@zcudv.pxb	5138687513
Вешкин Сергей Васильевич	07/29/2002 00:00:00	cokbc@fukzr.tbj	9621990747
Гладьев Василий Николаевич	05/08/2004 00:00:00	ymrbv@pahtc.rpb	8905346224
Габдулхаков Гаяз Миасафови	01/13/2011 00:00:00	tlgjr@vnboq.tmp	4198930963
Голубева Татьяна Яковлевна	05/30/2008 00:00:00	pjhxk@siwoq.axp	5234200923
Кованский Николай Павлович	06/25/1981 00:00:00	ipkkp@rvhmb.dqa	3913272854
Мартыненко Виктория Никола	03/31/1993 00:00:00	pkppx@uypji.zyh	0371735849
Сенокосов Олег Геннадьевич	07/19/1992 00:00:00	fzocr@vfbnu.dva	0095547304
Нестерова Антонина Парфирьевна	11/23/2000 00:00:00	qcano@mmzqc.ljq	3627124111
Гайнутдинов Хакимян Гафиулович	03/13/2003 00:00:00	hrduv@zjsqe.oxz	6366074756
Част.Инд.Пред.Арагви.Джала	01/12/1988 00:00:00	kovhs@pbogn.ytw	4660248114
Шляховая Любовь Алексеевна	04/21/2000 00:00:00	rqlmq@kjqms.atg	0660562308
Рудич Геннадий Владимирови	09/09/1990 00:00:00	lgyjt@giumh.cdr	2141884086
Баймеев Наиль Аюпович	11/02/1993 00:00:00	lqiph@fpvcq.sag	7063195418
Хабленко Артемий Дмитриевич	01/10/2007 00:00:00	zkzel@knpwq.pnt	4605849592
Строит-Произпред Строитель	04/28/1981 00:00:00	wrdgm@hcgfg.tje	3014508362
Старательская/Артель/Луч	10/31/2010 00:00:00	hfsdj@ryeja.ecm	3103733290
Голубева Юлия Александровна	09/09/1995 00:00:00	nrntc@kndwf.mvb	7175204392
Подушкин Алексей Викторови	03/02/1981 00:00:00	ougns@cahzh.dfm	8987883805
Беседин Сергей Николаевич	02/09/2010 00:00:00	cidau@cepsn.lyy	8980895595
Дынник Елена Михайловна	07/25/2008 00:00:00	sxqki@olrio.hde	5021774608
Гришутин Николай Михайлович	03/06/1982 00:00:00	aawaw@lzmzf.ulc	1780281367
Герасимова Альбина Алексеевна	06/20/1987 00:00:00	sgxps@sumvr.aqj	4552303930
Томозов Валерий  Владимирович	02/02/2016 00:00:00	zcmys@ewxnj.hdu	9827279715
Вологжина Елена Константиновна	09/15/1986 00:00:00	ijmrp@tiiui.eyn	2703974203
Босых Юрий Владимирович	07/02/2004 00:00:00	tqkch@cgkix.odp	2421105760
Кругляков Дмитрий Борисови	02/23/1995 00:00:00	iaadj@aaphh.atb	1602598090
Иванова Людмила Сергеевна	02/26/2001 00:00:00	ewvsp@hfood.pcb	2983322854
Белов Георгий Геннадьевич	08/25/2003 00:00:00	lbnev@zwuzj.yvg	5243074641
Кульметьев Николай Александрович	02/12/2011 00:00:00	ptgsn@ntrgq.kkq	1135736714
Колбин Юрий Викторович	02/23/2000 00:00:00	ticxy@fdcvy.zxk	5232267181
Хорошенький Валерий Конста	09/29/1986 00:00:00	qhese@thwjm.hmk	4684155461
Майстренко Виктор Борисови	06/06/1998 00:00:00	suhkc@jbkhx.emp	7493515410
Сараскин Евгений Евгеньеви	04/12/2006 00:00:00	wwqkf@pqhry.cmy	8324300529
Климов Валерий Владимирович	09/24/1987 00:00:00	aazdf@ajcup.sln	4987665552
Самборский Анатолий Василь	01/28/2012 00:00:00	ocziq@hjcmr.ypj	2442383824
Рудин Сергей Пантелеевич	08/11/2005 00:00:00	vtnmh@kzskn.tla	2678441758
Свиряев Виктор Михайлович	01/31/2011 00:00:00	ppiej@freki.rep	1807595167
Рогатных Константин Александрович	09/23/2010 00:00:00	lfopb@xkarg.xxw	9265733130
Довганенко Валентин Дмитриевич	06/24/1991 00:00:00	cpajt@rubty.vxy	7662920962
Ухванов Владимир Витальевич	10/28/1982 00:00:00	ydnxm@uuirc.emz	0563811900
Морозов Сергей Петрович	10/27/1991 00:00:00	gvxcb@iwjck.kbg	2732961773
Нестеров Михаил Васильевич	12/17/2016 00:00:00	qpsiy@cuogx.bgc	5679870059
Сазонов Олег Анатольевич	02/24/1999 00:00:00	iloow@eiwhm.mgm	3992381119
Федоров Валерий Павлович	10/04/2011 00:00:00	stpgr@jbsgb.qkx	3593907753
Седнев Анатолий Михайлович	10/03/1984 00:00:00	fkzxn@sglud.lwv	2965272289
Вавилов Олег Леонидович	07/05/2012 00:00:00	corll@fdkfc.lkw	6459068245
Перевалов Владимир Сергеевич	04/06/1985 00:00:00	trmgn@nzjcj.mxi	8271672738
Веселов Михаил Васильевич	03/09/1994 00:00:00	bzbsv@fpzrq.byu	9968273037
Дербасов Антон Павлович	11/28/1998 00:00:00	dsrfl@eogtj.vlg	4811538228
Ситников Анатолий Владимирович	12/27/2016 00:00:00	nvfav@aaavr.fyz	1018033595
Лапкина Александра Николаевна	11/17/2014 00:00:00	sfbap@vqpmw.wej	2172739704
Банщикова Алёна Владимировна	09/07/2005 00:00:00	wbdjp@sxzho.inv	7931107019
Пехтелева Раиса Васильевна	07/28/1990 00:00:00	qyqje@ofztr.sfz	4408585606
Басенко Лидия Архиповна	09/22/1990 00:00:00	iygjf@vrhks.cml	9374055815
Матвеев Алексей Александрович	02/22/2007 00:00:00	axsdf@efpjp.gik	9201032480
Тищенко Дмитрий Евгеньевич	02/09/1995 00:00:00	acnvm@mamwe.jfl	5641117816
Раднаева Альбина Эрдыниевна	12/31/2005 00:00:00	yvfbl@mlvcd.xra	7370313107
Ушаков Дмитрий Сергеевич	04/29/2004 00:00:00	unlqh@cjddw.moa	2459432158
Лошкарева Светлана Александровна	11/29/1983 00:00:00	rtulb@ktumx.cko	9817797851
Суховский Юрий Петрович	01/27/2004 00:00:00	hmrtd@zuupg.ruw	4637300698
Дьяченко Надежда Николаевна	10/29/2009 00:00:00	wpdgq@nduad.pmz	3668605181
Нефедьев Виктор Александрович	08/21/2006 00:00:00	zrblg@jtnlk.qud	9712446629
Дмитриев Виталий Викторович	07/08/2007 00:00:00	sybtg@ipkrz.kdp	5084251135
Лепеха  Алексей  Владимирович	01/18/1983 00:00:00	nqcnu@atfns.rim	1642899878
Коврижных Денис Александрович	04/15/1981 00:00:00	dpfpa@kbcxj.jod	1873979492
