ФИО	Дата рождения	EMail	Телефон
Цветкова Наталья Николаевна	16.05.2016	zbkzr@dvenq.cds	4695160942
Соколова Марина Юрьевна	06.04.1982	qznfn@ghkzn.hlf	1828104217
Васильева Наталья Васильевна	15.11.1995	nqxdp@vlngn.vua	1939221649
Негрозова Ольга Ивановна	05.09.2016	kwtwv@xxayn.gao	6165500933
Петухова Людмила Игнатьевна	07.09.2005	vcywd@eaacc.rnh	8966358271
Шитова Ксения Сергеевна	24.07.1984	jrvos@npjba.oyu	8078951981
Лазарева Татьяна Юрьевна	23.08.2011	vwpyk@skobb.zpe	3634476478
Леонова Любовь Евгеньевна	16.12.1986	etpor@ytqfm.pzs	0526644872
Васильев Сергей Геннадьевич	13.01.2000	wmfpa@qfhqc.zkf	7176347153
Казакова Вера Яковлевна	20.07.2004	ygxhb@yagak.mtc	4379919876
